mean_score,median_score,std_score,var_score,min_score,max_score,ip_count
0.10010074,0.044716872,0.11644258,0.013558875,0.005000764,0.5214177,230
0.09409475,0.040160157,0.11089119,0.012296856,0.0050157765,0.5871237,251
0.120371945,0.0645331,0.1300366,0.016909517,0.00510606,0.532276,216
0.103372216,0.04094506,0.11967387,0.014321835,0.005007575,0.5603439,218
0.09992439,0.042987555,0.116932444,0.013673197,0.005163673,0.55508643,225
0.11836662,0.062605284,0.13186166,0.017387496,0.0051452415,0.64849687,220
0.110245995,0.054421045,0.12606868,0.015893312,0.005143551,0.5662758,226
0.10553185,0.04454838,0.123452395,0.015240494,0.005102914,0.54485977,216
0.114194445,0.0526281,0.12627523,0.015945435,0.00524531,0.50665766,237
0.10021671,0.04381727,0.110971496,0.0123146735,0.005019688,0.48478672,221
0.11253027,0.048068527,0.12917796,0.016686944,0.005020603,0.63353807,239
0.1044666,0.054067735,0.115775295,0.0134039195,0.005066204,0.4564098,223
0.12668043,0.07000223,0.13401754,0.017960701,0.005000166,0.51770115,232
0.12689187,0.06132894,0.13706706,0.018787382,0.005103253,0.5115845,234
0.12007867,0.06909034,0.12826936,0.016453028,0.0050809095,0.51363367,227
0.114870965,0.06354813,0.12325999,0.015193025,0.0050100544,0.53660804,229
0.121714324,0.065096825,0.1264488,0.015989296,0.005087598,0.6077814,228
0.11489714,0.056311607,0.12671396,0.01605643,0.00509421,0.5382724,230
0.10918037,0.06142496,0.11374003,0.012936794,0.005071103,0.48479217,231
0.11805057,0.07559382,0.12450273,0.015500931,0.005072779,0.513213,224
0.11190065,0.06779361,0.11583266,0.013417204,0.0050181174,0.49835005,214
0.10930735,0.05175151,0.12307125,0.015146533,0.0050315834,0.51382667,230
0.10963776,0.053556688,0.12179525,0.014834084,0.005023858,0.6461358,217
0.11614073,0.059167154,0.12176138,0.014825835,0.0051427768,0.5480936,203
0.11923902,0.07294609,0.12939362,0.01674271,0.0050031175,0.57207394,207
0.0999591,0.045632165,0.11170237,0.012477418,0.005039463,0.4305964,208
0.11161092,0.053239256,0.12577502,0.015819356,0.005022515,0.56469965,218
0.115558036,0.050322577,0.13180614,0.017372856,0.005002042,0.61841863,202
0.12234515,0.06334808,0.13258894,0.017579826,0.00513995,0.5937171,212
0.1021707,0.046833865,0.11881273,0.014116465,0.005085991,0.5865057,208
0.11459641,0.059627462,0.1178086,0.013878866,0.005067507,0.4701434,180
0.11892116,0.060498603,0.12457756,0.015519569,0.00508013,0.53345597,210
0.112387836,0.045061886,0.12945427,0.016758408,0.0050796657,0.5654154,202
0.12688757,0.08058656,0.12628978,0.01594911,0.005015476,0.4973803,170
0.10640214,0.052351538,0.12003471,0.014408331,0.0050158133,0.5980166,200
0.11511553,0.062325016,0.124569684,0.0155176055,0.005082266,0.4993383,175
0.11525438,0.06066969,0.118586294,0.014062709,0.005041957,0.5369023,176
0.11111632,0.046905477,0.1273548,0.016219245,0.005041323,0.47395954,197
0.11456023,0.046981145,0.13478899,0.018168073,0.005014761,0.5416642,195
0.11458969,0.057745658,0.12402528,0.01538227,0.005138975,0.44579393,195
0.11692662,0.04976603,0.12890005,0.016615221,0.0055435863,0.5445508,189
0.10996225,0.048387088,0.11837014,0.01401149,0.005016833,0.55255663,196
0.10902842,0.042147513,0.13117304,0.017206367,0.0050553735,0.5742081,182
0.10214302,0.040124096,0.1242085,0.0154277515,0.0051088487,0.6289552,179
0.11945367,0.06846116,0.12732758,0.016212313,0.0050247866,0.58606243,200
0.10781823,0.047945373,0.12463632,0.015534213,0.005001471,0.6015278,196
0.11731613,0.0694184,0.123592034,0.01527499,0.0050317394,0.608771,176
0.095610574,0.04023158,0.11781866,0.013881237,0.00501712,0.532791,218
0.11144771,0.0614843,0.12296693,0.015120867,0.005120412,0.5144146,184
0.12974244,0.063480996,0.14030685,0.019686012,0.005076437,0.6654195,176
0.120312594,0.050512582,0.13403833,0.017966272,0.005241943,0.634094,182
0.11051731,0.056986995,0.124776304,0.015569125,0.0051096706,0.55613595,196
0.11324203,0.062777415,0.11702688,0.013695291,0.0051195715,0.4632152,185
0.12303051,0.0691748,0.1320825,0.01744579,0.005726962,0.5336212,190
0.11962709,0.06914403,0.12487278,0.015593211,0.0050000055,0.5117494,198
0.10018019,0.047432933,0.11023486,0.012151724,0.005033882,0.47354195,227
0.107941516,0.05245165,0.11436565,0.013079503,0.0050901687,0.4815555,203
0.11393694,0.059784003,0.120448306,0.014507795,0.0050332155,0.46724227,198
0.1082141,0.05536888,0.11456434,0.013124987,0.005207486,0.42175207,217
0.10101985,0.04585999,0.10907264,0.011896841,0.0051741833,0.60050243,219
0.12600778,0.06764055,0.1330617,0.017705416,0.0050188336,0.6988914,219
0.11646119,0.05047265,0.13293926,0.01767285,0.0051094275,0.5880213,231
0.11177457,0.05948361,0.12003616,0.01440868,0.005121266,0.51036745,235
0.109327964,0.055015158,0.11878573,0.014110049,0.0051971436,0.51706994,205
0.11331298,0.055930763,0.121126994,0.014671749,0.00516959,0.5021472,199
0.119572386,0.05256064,0.13664079,0.018670706,0.0051015564,0.5397327,191
0.112643175,0.047345765,0.12943152,0.016752517,0.0051478175,0.51159585,196
0.11588901,0.052502364,0.13731039,0.018854143,0.005151846,0.6100986,202
0.12604035,0.0778736,0.13584186,0.01845301,0.005061386,0.54595226,174
0.124790855,0.061818272,0.138431,0.019163141,0.0050705294,0.6043217,167
0.11749623,0.04792603,0.13826798,0.019118035,0.0050398665,0.6202692,188
0.11082528,0.047692984,0.1320735,0.017443413,0.005059824,0.51963943,173
0.1115091,0.05646642,0.12693818,0.016113302,0.0050381864,0.5774266,185
0.10667993,0.052632723,0.12955154,0.016783604,0.005089377,0.5884372,170
0.1034523,0.032103274,0.13162047,0.017323948,0.005074138,0.5556321,177
0.10541685,0.04295273,0.13068813,0.017079389,0.005022085,0.61105555,147
0.107246056,0.047870904,0.12889251,0.016613279,0.005106825,0.59248054,146
0.09715065,0.036769524,0.1306209,0.01706182,0.0050093196,0.59248286,142
0.10309665,0.0410298,0.13099404,0.01715944,0.00513195,0.57363087,135
0.087769575,0.035783734,0.108479045,0.011767703,0.0050670695,0.4434298,137
0.10344179,0.04579022,0.12444244,0.015485922,0.005008047,0.59104896,149
0.08742582,0.045989536,0.10637936,0.011316569,0.005093689,0.47148648,138
0.096002445,0.037443914,0.11816288,0.013962466,0.0053261174,0.54728705,157
0.10880773,0.041679814,0.13041623,0.017008394,0.0050682314,0.53399587,147
0.10430727,0.05011222,0.11939191,0.0142544275,0.0050325296,0.52149147,171
0.10735795,0.04628164,0.13136818,0.0172576,0.0050403485,0.56965446,171
0.102223895,0.043953985,0.1164049,0.0135501,0.0056284,0.5572183,172
0.113524005,0.06304034,0.12501298,0.015628245,0.0050381655,0.59133303,190
0.09535475,0.040213805,0.1185306,0.014049503,0.0050162524,0.5150927,174
0.10715213,0.04422537,0.13319528,0.017740982,0.0050138417,0.6054541,200
0.09789294,0.038701996,0.11597844,0.013450999,0.005021585,0.4257795,194
0.10325002,0.04304067,0.12308739,0.015150505,0.0050242296,0.6242557,206
0.11682891,0.055335067,0.13433951,0.018047104,0.0051385695,0.62414926,219
0.12532447,0.056669936,0.13676779,0.018705428,0.005066676,0.57086414,218
0.11417673,0.06537963,0.123553686,0.015265513,0.005067163,0.517351,226
0.12174291,0.067890845,0.12664425,0.016038768,0.005104137,0.6049194,236
0.12883323,0.07382763,0.13414639,0.017995253,0.005082826,0.5490476,234
0.12892447,0.08373564,0.12838373,0.016482381,0.0050024916,0.51447,246
0.10317106,0.056239136,0.12072814,0.014575284,0.005062476,0.583216,196
0.120391995,0.06924566,0.12761448,0.016285457,0.0050184703,0.4972317,217
0.11163993,0.055428423,0.1196267,0.014310547,0.005390012,0.43601963,232
0.10094523,0.047158167,0.113900766,0.012973385,0.005021714,0.47007865,232
0.112588294,0.05197903,0.11798575,0.013920637,0.005067272,0.4757442,211
0.12960985,0.07267894,0.13147764,0.017286368,0.0050130393,0.5110671,200
0.11986636,0.046774555,0.13761096,0.018936774,0.0051867953,0.5936885,194
0.10698623,0.042877473,0.12525257,0.015688207,0.005137622,0.4981105,218
0.12027372,0.05775673,0.12668347,0.016048701,0.0051462566,0.49145275,199
0.113731936,0.047981355,0.12598777,0.015872918,0.0054232,0.5764769,201
0.10559812,0.054955307,0.11977056,0.0143449865,0.0050674365,0.5073995,199
0.13207437,0.05490325,0.14558424,0.02119477,0.005020469,0.54647607,199
0.11143171,0.056878522,0.12300759,0.015130866,0.005088564,0.55900335,197
0.1232067,0.06425303,0.12902214,0.016646711,0.0050026667,0.5382449,211
0.11662823,0.055942107,0.13547774,0.018354217,0.0051689385,0.52667415,205
0.11233928,0.047329955,0.13495398,0.018212575,0.005088404,0.5858468,184
0.10065361,0.036393147,0.12509947,0.015649876,0.00500167,0.48569536,165
0.09533434,0.036791526,0.12069777,0.014567952,0.0052899173,0.5506919,144
0.095984146,0.04137134,0.12381966,0.015331307,0.005090422,0.5277208,157
0.1245653,0.06529051,0.13863607,0.019219961,0.0050754524,0.519944,117
0.10777559,0.058851156,0.12111785,0.014669535,0.005046157,0.4723686,121
0.0928089,0.04122835,0.11124987,0.012376534,0.005095645,0.4336992,132
0.07255877,0.030804079,0.096487105,0.009309761,0.005352513,0.6001013,155
0.10706606,0.054374054,0.11054035,0.01221917,0.00521865,0.47731295,136
0.10726293,0.04976171,0.11928078,0.014227904,0.0050042677,0.5557316,168
0.109132454,0.048075274,0.11723637,0.013744366,0.0050097187,0.5061458,159
0.097723044,0.052695267,0.11110176,0.012343601,0.0050561544,0.5253079,165
0.100160256,0.047797084,0.11676163,0.013633278,0.005079778,0.56897056,150
0.10883416,0.05170185,0.122345746,0.014968482,0.0053136796,0.5787185,160
0.1198828,0.040194444,0.14825329,0.02197904,0.0050252927,0.6196603,160
0.10901983,0.051362187,0.123307,0.015204615,0.0051805954,0.6247164,180
0.1113482,0.05381065,0.12892361,0.016621295,0.005023551,0.574641,181
0.12036045,0.0636971,0.13312979,0.01772354,0.0050067427,0.6348067,183
0.11659661,0.047082566,0.13075994,0.01709816,0.0051139407,0.5427717,188
0.11993907,0.064145386,0.12906499,0.016657772,0.00513378,0.54787385,205
0.12183405,0.075674884,0.12504934,0.015637336,0.00500084,0.55777323,233
0.123732,0.062818825,0.1357186,0.01841954,0.0050846753,0.70206577,232
0.13431299,0.07937462,0.1353843,0.01832891,0.0050643138,0.5551697,229
0.123006776,0.06339149,0.13390736,0.017931184,0.0050499183,0.62347925,215
0.11382149,0.059331093,0.12162254,0.014792042,0.0050259046,0.5724804,218
0.10395095,0.056834072,0.11174067,0.012485977,0.005097475,0.43976822,205
0.11196188,0.057284303,0.12447914,0.015495056,0.005157221,0.52222276,186
0.101176195,0.043187544,0.1199871,0.014396905,0.005028334,0.56323516,217
0.13485458,0.08106965,0.13456725,0.018108344,0.005041326,0.5552293,182
0.11734619,0.07162422,0.12549606,0.015749263,0.0050058994,0.5281837,202
0.116599776,0.06978154,0.12021264,0.014451078,0.0050522042,0.52601975,206
0.12178047,0.068398796,0.12230298,0.014958019,0.0050563687,0.57536566,213
0.12654729,0.06853013,0.13228254,0.01749867,0.0050669406,0.598766,207
0.12694474,0.061799973,0.13479528,0.018169766,0.0050283,0.5309363,224
0.11775129,0.063601285,0.12777536,0.016326541,0.0051245335,0.5921033,218
0.13249792,0.07770473,0.14125256,0.019952288,0.005003172,0.6057713,212
0.1248922,0.066283844,0.12807555,0.016403347,0.005044855,0.5116477,215
0.12219832,0.07398646,0.13015093,0.016939266,0.0050644386,0.61965036,219
0.13366568,0.0826097,0.13608803,0.018519951,0.005135144,0.58297056,201
0.13384306,0.06364043,0.14805,0.0219188,0.0050439388,0.6213178,214
0.12258,0.052634224,0.14238821,0.0202744,0.005293419,0.596558,196
0.109911025,0.03845046,0.13426599,0.018027358,0.0050234003,0.4861859,198
0.122419976,0.068947695,0.12500857,0.015627142,0.005206975,0.45698267,163
0.10147474,0.058158237,0.118752584,0.014102176,0.005091935,0.49063233,159
0.10267574,0.04748864,0.12125778,0.014703449,0.0052470383,0.54364336,143
0.09286673,0.03748788,0.11460961,0.013135362,0.005269943,0.4778085,148
0.09721286,0.039022747,0.11773435,0.013861377,0.00510576,0.4549711,129
0.09562101,0.042530756,0.11546009,0.013331033,0.0052924454,0.5765934,153
0.10508248,0.04780226,0.11647693,0.013566876,0.005035319,0.45932308,141
0.09838562,0.039194066,0.115417436,0.013321184,0.005019299,0.5181308,159
0.10226846,0.049462188,0.11742987,0.013789773,0.0052499943,0.47327852,158
0.10755128,0.04609182,0.12003684,0.014408843,0.0050997036,0.5201449,177
0.101331346,0.04768874,0.11582727,0.013415956,0.0050009657,0.46671575,189
0.12059003,0.06696455,0.1293572,0.016733285,0.005286876,0.56042665,174
0.11825925,0.053744648,0.12920724,0.016694512,0.005016822,0.562058,171
0.1218535,0.07250838,0.12737167,0.01622354,0.0051942915,0.6597462,170
0.114970006,0.054281846,0.13501048,0.01822783,0.005123143,0.5599093,160
0.12284129,0.06246222,0.13281287,0.017639259,0.0050877454,0.48585978,149
0.121955894,0.057702288,0.13338849,0.017792488,0.0050257198,0.6026214,153
0.10705215,0.046796504,0.127122,0.016160002,0.00509088,0.5334524,166
0.12105328,0.054078776,0.13299075,0.017686538,0.005021941,0.61498463,177
0.13593729,0.07647996,0.13822156,0.019105202,0.00513508,0.5937312,187
0.12705411,0.07523439,0.13182576,0.017378032,0.0051549957,0.56264627,225
0.10698009,0.057082858,0.11734734,0.013770398,0.0050720107,0.4743849,243
0.12643437,0.072136894,0.13132718,0.01724683,0.005000824,0.5553358,252
0.12131146,0.07278512,0.12848806,0.01650918,0.005006403,0.5339508,234
0.12757324,0.066418424,0.12705271,0.016142393,0.0055695986,0.5377852,233
0.124751315,0.062147416,0.13254508,0.0175682,0.0050715758,0.6096439,215
0.120349355,0.07058033,0.122738555,0.015064753,0.0053101834,0.47741744,222
0.13046023,0.08253747,0.1343891,0.01806043,0.0050729406,0.5447843,228
0.12613109,0.06979919,0.12797622,0.016377913,0.0050559915,0.60399,226
0.13335992,0.07235658,0.14149064,0.020019602,0.005248901,0.6345789,253
0.12729163,0.06551491,0.13486616,0.01818888,0.005000406,0.5888177,266
0.11905432,0.071746975,0.12180527,0.014836525,0.0050248792,0.54414374,262
0.1318182,0.08634583,0.12451882,0.015504937,0.005051835,0.6033907,241
0.12470228,0.076856785,0.12268541,0.0150517095,0.0050822766,0.54687536,220
0.13268445,0.08922892,0.12578373,0.015821544,0.005105123,0.46212298,219
0.11239312,0.045898676,0.13056019,0.017045964,0.005078011,0.6784121,248
0.11474254,0.04795741,0.13569064,0.018411951,0.0051163947,0.6086218,207
0.12400381,0.063518375,0.13958864,0.01948499,0.0051132855,0.55014664,180
0.10533729,0.054373525,0.11989864,0.014375684,0.0051854933,0.5570398,165
0.09978636,0.052090842,0.11091991,0.012303226,0.0050518624,0.5082854,151
0.09576628,0.046911817,0.11129118,0.012385726,0.0050258473,0.5547587,139
0.09211415,0.035620537,0.11166458,0.012468979,0.005184572,0.47348788,142
0.0981431,0.0364814,0.12099939,0.014640853,0.005068234,0.53176373,144
0.09335084,0.0338829,0.11308069,0.0127872415,0.0050404216,0.596077,171
0.12550825,0.05620706,0.14102726,0.019888688,0.0051073395,0.64684117,176
0.10856773,0.048920408,0.11722349,0.013741346,0.0050474396,0.5233534,182
0.100392245,0.04694904,0.11398786,0.012993233,0.005052334,0.5002474,191
0.115781,0.05100692,0.13142101,0.017271481,0.00511421,0.47775868,181
0.103761196,0.042183433,0.11838615,0.014015281,0.005045308,0.5744905,173
0.107936814,0.063183025,0.11738287,0.013778739,0.005283011,0.52731293,170
0.122842826,0.07567554,0.12549485,0.015748957,0.005052012,0.5074231,159
0.13107993,0.08421518,0.12823702,0.016444735,0.005006198,0.4649127,162
0.11090983,0.052628055,0.12843025,0.01649433,0.005022388,0.54097134,188
0.1219693,0.058789097,0.13539888,0.018332856,0.005163292,0.5949813,181
0.12068286,0.05814856,0.1335165,0.017826656,0.005119057,0.5669487,155
0.13226184,0.07229034,0.13867931,0.01923195,0.0051028985,0.55397886,139
0.11545152,0.051919468,0.1269956,0.016127883,0.0051001464,0.5144817,145
0.11645224,0.051852338,0.14356779,0.02061171,0.0050598946,0.5585237,131
0.10057766,0.029557481,0.1286439,0.016549252,0.005320665,0.55772495,132
0.11638756,0.05045111,0.13368931,0.017872833,0.0050287154,0.63810444,193
0.113327526,0.05779575,0.12567581,0.015794411,0.0050628576,0.5845716,221
0.11158187,0.04892961,0.12677883,0.016072871,0.0050333487,0.60373443,222
0.12325233,0.05914441,0.14155073,0.02003661,0.005231659,0.62476915,205
0.100503616,0.050908443,0.11447477,0.013104474,0.005097856,0.5142219,258
0.12723468,0.08493808,0.12924434,0.016704101,0.0050123865,0.5476636,228
0.12899448,0.07362305,0.13214548,0.017462429,0.0050251926,0.6040475,216
0.12137456,0.07268228,0.12458731,0.015521998,0.0050945524,0.56337357,202
0.11727809,0.05604444,0.12711264,0.016157625,0.005058825,0.5604934,199
0.11839955,0.070149116,0.1284943,0.016510786,0.0050414,0.57092834,177
0.10939812,0.06544083,0.11861292,0.014069025,0.005410846,0.54009145,198
0.12104104,0.070571214,0.12248057,0.01500149,0.005331531,0.53798,232
0.12511502,0.0820225,0.12949345,0.016768554,0.005123136,0.57396823,246
0.12042708,0.08052744,0.12070274,0.014569153,0.005022094,0.5756666,236
0.12349433,0.06714503,0.12948528,0.016766436,0.0051036477,0.5303228,225
0.12959342,0.07559033,0.13449271,0.018088289,0.0051643644,0.5754129,222
0.124907196,0.07756764,0.12694858,0.016115943,0.0050357976,0.5913597,228
0.1314109,0.08240898,0.13366447,0.017866192,0.005261677,0.5804075,228
0.1319871,0.065259665,0.13839634,0.019153547,0.0050745616,0.6597495,219
0.12026032,0.04503785,0.13762556,0.018940795,0.005143508,0.6169121,208
0.110636555,0.058096174,0.12402037,0.015381052,0.0050468417,0.52764326,168
0.12394124,0.057020117,0.13400844,0.017958263,0.005003806,0.5407309,163
0.09548066,0.043411683,0.110841185,0.012285768,0.0053114207,0.44267944,151
0.087803386,0.030614395,0.11446636,0.013102547,0.005134745,0.60430515,162
0.102231644,0.046245493,0.115925305,0.013438676,0.0050239298,0.47115883,175
0.108702786,0.043889295,0.12000739,0.014401773,0.005041022,0.52244365,157
0.09967189,0.045741133,0.11334678,0.012847492,0.005094254,0.5109566,172
0.120345086,0.07670064,0.12007917,0.014419006,0.0060780514,0.4914236,171
0.11600603,0.06116794,0.121244535,0.014700237,0.0054877186,0.4467154,179
0.116522476,0.05947327,0.13021997,0.01695724,0.0052974955,0.57460326,164
0.11564458,0.06164111,0.12082905,0.01459966,0.0050426885,0.5099412,179
0.11514934,0.049603812,0.1332048,0.01774352,0.005059758,0.48394775,193
0.12035028,0.07264669,0.12243314,0.014989874,0.005181763,0.480468,180
0.11562052,0.05710827,0.12700379,0.016129963,0.0050763017,0.49788457,172
0.12632415,0.060787328,0.13929816,0.019403975,0.005088655,0.5376637,152
0.13153301,0.06528493,0.13864486,0.019222395,0.0050615375,0.6081675,147
0.12343402,0.049430337,0.13062909,0.01706396,0.005122372,0.5651651,135
0.11974268,0.04512492,0.13975762,0.019532192,0.0055174204,0.45585966,136
0.09727912,0.035560373,0.12185696,0.014849119,0.0050486033,0.5173974,149
0.115806974,0.06242752,0.12519637,0.015674131,0.005017972,0.5181355,168
0.0930899,0.029136758,0.12239647,0.014980896,0.005197774,0.54353535,155
0.11203303,0.044773687,0.13619198,0.018548254,0.005004651,0.6279189,165
0.124599844,0.05911176,0.13906033,0.019337777,0.00502815,0.5832136,205
0.1197362,0.07505251,0.11748139,0.013801876,0.0050803022,0.462119,214
0.11606606,0.0538923,0.1283159,0.016464967,0.005047638,0.5093566,230
0.12228516,0.068852685,0.1253091,0.015702369,0.005217642,0.5363786,212
0.13158646,0.08090758,0.12776752,0.01632454,0.005007089,0.46458948,190
0.112268955,0.04913083,0.12975304,0.016835852,0.005008773,0.6612539,214
0.12305567,0.08514647,0.11482531,0.013184851,0.0050513297,0.5271514,172
0.12175351,0.07462524,0.1232204,0.015183267,0.005006464,0.5255411,186
0.12575713,0.09307196,0.12383225,0.015334426,0.0051376964,0.48311034,210
0.11523467,0.06638999,0.12307908,0.01514846,0.005081103,0.5220063,220
0.13374233,0.08396502,0.13089743,0.01713414,0.0051210457,0.50669533,206
0.12109788,0.07126399,0.12064751,0.014555823,0.0052237725,0.5713704,208
0.11826225,0.06257451,0.12365041,0.015289423,0.0051122904,0.5229144,220
0.12606701,0.072383516,0.1339816,0.017951068,0.005028067,0.5404127,208
0.12387802,0.08131263,0.12377022,0.015319068,0.005076659,0.5414294,222
0.123617224,0.08065264,0.12527095,0.015692811,0.0050123585,0.49207783,255
0.12949175,0.06382642,0.13766356,0.018951254,0.0052480493,0.59693754,235
0.13377611,0.081546806,0.13856043,0.019198991,0.0050139087,0.5722483,205
0.12814014,0.06268892,0.13835116,0.01914104,0.0050463667,0.52016294,194
0.11210332,0.055083226,0.12979709,0.016847285,0.0050064786,0.49885282,145
0.09720822,0.043028057,0.11925581,0.014221948,0.005077087,0.54939836,147
0.09301745,0.046225674,0.10958018,0.012007817,0.0051219612,0.49907494,152
0.10258704,0.05593789,0.110996895,0.01232031,0.0051202737,0.45383617,151
0.10621101,0.05666527,0.11950914,0.014282433,0.005101073,0.58660823,159
0.11523141,0.056608602,0.1372838,0.018846842,0.005255334,0.6275795,168
0.11022096,0.064671226,0.11629067,0.01352352,0.0050203707,0.5491739,174
0.10504623,0.059641313,0.11639327,0.013547393,0.0051257634,0.5244633,180
0.086384565,0.026514977,0.1046363,0.010948754,0.005072363,0.5137172,156
0.09622678,0.036170058,0.11855,0.014054104,0.005072613,0.4985734,135
0.107914284,0.07228065,0.1142318,0.013048905,0.0050195153,0.43048167,123
0.1185297,0.064925626,0.12888531,0.016611423,0.00502769,0.6106248,146
0.117825165,0.06584422,0.12579387,0.015824098,0.005044245,0.52315545,157
0.12995216,0.07985016,0.13941014,0.019435188,0.005251814,0.5627629,170
0.11753771,0.05172505,0.13081099,0.017111516,0.005039414,0.5102237,164
0.10934849,0.05046594,0.12089246,0.014614986,0.005041254,0.45217428,157
0.11351675,0.055075143,0.12622362,0.015932402,0.0050362446,0.5699625,160
0.1025978,0.040075317,0.12536208,0.015715653,0.0050101182,0.660507,149
0.11304511,0.038502693,0.14715077,0.021653349,0.0051127058,0.5517657,132
0.10405451,0.032657567,0.13210864,0.017452693,0.005325451,0.5170684,137
0.10607585,0.028618496,0.14176595,0.020097584,0.0050079026,0.551477,125
0.10002794,0.034528345,0.12149361,0.014760696,0.0050973226,0.6233075,158
0.10544015,0.050429933,0.13150953,0.017294757,0.005052499,0.61310464,185
0.11151726,0.060473822,0.13021107,0.016954923,0.0050626337,0.6531555,210
0.121106796,0.062070094,0.13485895,0.018186938,0.005031193,0.57544047,224
0.12227922,0.058459613,0.13604386,0.018507931,0.0050726803,0.6557281,220
0.1256161,0.075677805,0.13069773,0.017081896,0.0050546434,0.5189693,210
0.12009774,0.06331877,0.12380528,0.015327746,0.005038144,0.5431071,204
0.12323768,0.06668236,0.12905452,0.016655067,0.005195093,0.5504268,199
0.11775787,0.0561165,0.12755693,0.01627077,0.005190879,0.455178,188
0.11560985,0.047273085,0.13231865,0.017508224,0.0050069606,0.61763614,171
0.11442736,0.062361266,0.12472309,0.015555849,0.0052456125,0.54322857,157
0.11344571,0.06202008,0.12496214,0.015615537,0.0051809093,0.5482614,176
0.12059865,0.07390799,0.124178015,0.01542018,0.005050883,0.50509167,200
0.11009229,0.053099226,0.12187004,0.014852307,0.0050416873,0.5281344,207
0.12234813,0.08157927,0.12753096,0.016264148,0.005019307,0.60987103,209
0.11980802,0.0789997,0.121759355,0.01482534,0.005365498,0.5624211,210
0.13096075,0.062639505,0.14132847,0.019973736,0.0050528557,0.63368326,213
0.13675436,0.09034979,0.13268383,0.017604997,0.0052178544,0.5520258,244
0.11538041,0.06643539,0.12150816,0.0147642335,0.0050690835,0.48161298,239
0.113595694,0.05404295,0.13007914,0.01692058,0.0050722943,0.5552813,230
0.13197455,0.06926497,0.1418274,0.020115014,0.0050486806,0.5286557,193
0.11836677,0.05116737,0.13866067,0.01922678,0.005009814,0.5310276,188
0.1262889,0.062320102,0.1376788,0.01895545,0.0051937182,0.6109358,167
0.1113894,0.03772314,0.13275023,0.017622624,0.0051331734,0.5115085,144
0.11628277,0.05975223,0.12872432,0.01656995,0.0050581205,0.51320463,135
0.09987175,0.038906477,0.1183189,0.0139993625,0.0051197964,0.5035686,149
0.10737692,0.04013405,0.12914832,0.016679287,0.005036289,0.50377196,172
0.112731606,0.058100022,0.12152752,0.014768939,0.005022989,0.5472024,188
0.10628689,0.04977729,0.118838005,0.014122471,0.0051837885,0.48796067,189
0.12483572,0.08009822,0.12368765,0.015298634,0.0052084285,0.4901627,187
0.1297086,0.061574288,0.14485097,0.020981804,0.005235558,0.5637702,204
0.12958933,0.06700343,0.14695904,0.021596959,0.005195178,0.714397,210
0.11865262,0.047575817,0.13540646,0.018334912,0.0051599755,0.5947019,196
0.120886184,0.08182531,0.13243414,0.0175388,0.0050140438,0.5600228,175
0.106436215,0.05771699,0.11747639,0.013800701,0.005088931,0.5382347,179
0.11586507,0.059536576,0.13258119,0.017577771,0.005065251,0.65361196,163
0.11514214,0.072038904,0.12814312,0.016420659,0.005142561,0.5949189,156
0.13421854,0.07751081,0.13740352,0.018879728,0.0051486595,0.54286313,155
0.13134892,0.066911,0.14489385,0.020994231,0.0053847986,0.6346928,168
0.12567504,0.07262265,0.13296412,0.017679457,0.005061251,0.59733045,179
0.11031324,0.051206317,0.123616174,0.015280959,0.005004533,0.49109542,159
0.10391186,0.040763993,0.12529662,0.015699245,0.0050249402,0.5816537,137
0.12145276,0.04025814,0.15322003,0.023476379,0.0051175854,0.63332826,113
0.09772748,0.035468273,0.123881295,0.0153465755,0.0050705415,0.6033214,142
0.12441741,0.06616987,0.13442911,0.018071186,0.0050380398,0.5244489,173
0.106033586,0.0521842,0.1204617,0.014511021,0.0050648465,0.54175586,218
0.1251769,0.08323406,0.12017478,0.014441978,0.0050854855,0.49949947,222
0.12778749,0.07405228,0.13498992,0.018222278,0.0050687985,0.6249506,209
0.117537834,0.06270278,0.13211791,0.017455142,0.0050308076,0.6136862,183
0.11655042,0.07192879,0.12156669,0.01477846,0.005030471,0.49984926,200
0.11616761,0.04389725,0.13088284,0.017130319,0.0051034433,0.57720107,150
0.11831253,0.048292633,0.1381047,0.01907291,0.005205392,0.481845,133
0.10788776,0.050924346,0.120786786,0.0145894475,0.0050013205,0.5979981,147
0.11620362,0.058211096,0.13273232,0.017617866,0.005332064,0.53030145,146
0.11710914,0.07532023,0.11807848,0.013942527,0.005209619,0.50431657,144
0.1103499,0.061057378,0.12202377,0.014889801,0.0050235987,0.54625124,140
0.11461667,0.06347313,0.12804909,0.016396571,0.0050907214,0.69541794,131
0.11627701,0.055643193,0.12054505,0.01453111,0.005170681,0.44867364,123
0.12441827,0.07638898,0.131561,0.017308297,0.0056188903,0.48621523,135
0.11234956,0.063227795,0.120930865,0.014624273,0.005031062,0.48304024,165
0.13585615,0.10310355,0.13045165,0.017017635,0.005102797,0.6150043,176
0.11653178,0.07171221,0.122731924,0.015063125,0.005031885,0.51562124,178
0.12583615,0.08117905,0.12552616,0.015756818,0.005090352,0.56752783,202
0.1335552,0.087049514,0.13005604,0.016914574,0.005286067,0.5392131,208
0.13264255,0.08816667,0.123528995,0.015259412,0.005098682,0.49753198,244
0.12514201,0.06970544,0.13002956,0.016907686,0.005026854,0.522998,237
0.13336109,0.07838255,0.13620257,0.018551143,0.0050336514,0.6048325,205
0.1367247,0.08612186,0.1368591,0.018730415,0.0050370675,0.59547716,186
0.10845018,0.04612187,0.13284467,0.017647706,0.0051123393,0.5586427,165
0.11650247,0.054372106,0.12759496,0.016280474,0.005117389,0.55879605,139
0.09423815,0.04027595,0.11896583,0.014152869,0.0050943424,0.5469771,145
0.10134702,0.045884643,0.11790493,0.013901574,0.005028049,0.47889417,143
0.10833751,0.05817295,0.1168797,0.013660864,0.0050420146,0.45106235,187
0.112671524,0.06808826,0.115272984,0.013287861,0.005094707,0.5067492,197
0.12434564,0.069881044,0.12942874,0.016751802,0.0054075937,0.6112429,225
0.12370349,0.07121684,0.1303269,0.0169851,0.005308106,0.6099966,210
0.13609478,0.07611717,0.13677637,0.018707775,0.0050060726,0.5400214,200
0.11771454,0.071335614,0.12975432,0.016836183,0.0050693145,0.56946826,201
0.11330327,0.060581207,0.124534465,0.015508832,0.0051095383,0.55551326,162
0.11481852,0.08315386,0.11515058,0.013259656,0.0050460147,0.5061961,142
0.1113027,0.056870185,0.122554615,0.015019634,0.005132569,0.54200625,146
0.112186156,0.054207012,0.11809039,0.013945341,0.005146036,0.5277144,154
0.12738037,0.068507954,0.12938054,0.016739324,0.0050226976,0.47448128,131
0.10461231,0.066807896,0.11242992,0.012640486,0.005095497,0.55212486,153
0.09765084,0.046681926,0.115462035,0.013331481,0.0052342643,0.5302334,176
0.10481888,0.044997387,0.1169491,0.013677091,0.0050011612,0.49319828,156
0.1180094,0.055563644,0.13714074,0.018807583,0.005072673,0.53977275,162
0.11417247,0.05754579,0.1237034,0.015302531,0.00505546,0.50699985,154
0.10805623,0.04935089,0.120461,0.014510853,0.0054011894,0.47285002,141
0.1343464,0.060325377,0.15138602,0.022917727,0.0051179477,0.6090691,105
0.09966261,0.041812062,0.11931589,0.014236283,0.005032052,0.5256,101
0.091318026,0.03376457,0.10865705,0.011806354,0.0051378985,0.42705825,68
0.10855963,0.055038545,0.12110942,0.0146674905,0.005120803,0.5295705,139
0.055816084,0.019507706,0.07681625,0.0059007364,0.005012414,0.42834398,232
0.060506318,0.022954077,0.08596264,0.0073895752,0.005010217,0.43539703,228
0.06272307,0.023167105,0.08651401,0.0074846745,0.0050075655,0.46735722,167
0.069024235,0.02447136,0.09713105,0.009434441,0.005036853,0.57332075,214
0.06520507,0.02528821,0.09383395,0.008804811,0.005027295,0.50839895,279
0.1541393,0.086906716,0.1626121,0.026442695,0.0050102845,0.77638984,578
0.15109785,0.08581921,0.15643686,0.02447249,0.005038996,0.71054703,603
0.15715057,0.09950015,0.15425105,0.023793386,0.0050037988,0.66640186,632
0.1494685,0.08308864,0.15725003,0.024727574,0.0050080395,0.71877134,583
0.062254973,0.023313867,0.08887458,0.007898691,0.0051938714,0.54287636,209
0.084315486,0.029369168,0.104919404,0.011008082,0.0051917466,0.45363346,133
0.0949121,0.031659298,0.12028243,0.014467862,0.005139721,0.46593708,136
0.11388258,0.04836547,0.1278776,0.01635268,0.0050084516,0.53283095,145
0.07924504,0.039428677,0.10078351,0.010157317,0.0050131646,0.53051853,163
0.066783525,0.021584727,0.098571226,0.009716287,0.005171496,0.5061736,197
0.09828154,0.045317788,0.11327321,0.012830821,0.0051046377,0.6203806,162
0.11221414,0.0669667,0.12006816,0.014416363,0.005246893,0.5474041,216
0.12285258,0.08919302,0.12162935,0.014793699,0.005116988,0.5911819,210
0.12714893,0.080063626,0.13490963,0.018200608,0.0050797295,0.6592412,195
0.12689032,0.084835336,0.1266469,0.01603944,0.005088827,0.61372375,194
0.12566309,0.07535808,0.13028002,0.016972885,0.005110496,0.55676794,207
0.12377152,0.05478427,0.14374131,0.020661565,0.005153,0.63689995,200
0.13128304,0.0711541,0.13448867,0.018087205,0.005112669,0.47820163,178
0.11228289,0.04953479,0.12491998,0.015605002,0.005026696,0.50470906,200
0.1148802,0.055392392,0.13005325,0.01691385,0.0051102983,0.51027286,162
0.12133482,0.06046149,0.13513441,0.018261312,0.0052795853,0.5278594,127
0.104269,0.056075156,0.11201152,0.012546581,0.0050721066,0.5122665,103
0.08704568,0.04835525,0.10033897,0.010067909,0.0052592917,0.55251014,113
0.10504804,0.073176,0.10581423,0.0111966515,0.005152261,0.4952765,138
0.10707431,0.051977947,0.119494475,0.01427893,0.005115622,0.5223033,187
0.118385606,0.072359234,0.12474326,0.015560881,0.0050021466,0.6166698,186
0.11633646,0.06320308,0.1258216,0.015831076,0.005126024,0.6550512,199
0.11749366,0.06755045,0.12680055,0.016078379,0.0050321645,0.5222549,201
0.13017754,0.07148296,0.1404029,0.019712975,0.005183172,0.61995095,188
0.13069324,0.07967785,0.13308331,0.01771117,0.005003856,0.5348759,175
0.114254914,0.0562379,0.122110255,0.014910914,0.0050253803,0.46597242,192
0.1219941,0.062273294,0.13300331,0.01768988,0.00542435,0.55376065,168
0.11923091,0.048716795,0.13712683,0.018803768,0.0050391713,0.5921936,169
0.12172528,0.08304408,0.121230505,0.014696835,0.0051019285,0.4673364,161
0.110524245,0.06807998,0.11018342,0.012140385,0.0053789094,0.46628553,168
0.13048713,0.09129648,0.12677482,0.016071854,0.0052228817,0.56367683,167
0.11513985,0.05812618,0.12598665,0.015872637,0.005010259,0.5489329,163
0.11825562,0.051015403,0.13611645,0.018527685,0.0051472895,0.56249505,131
0.11602437,0.06398502,0.12817068,0.016427724,0.0052737505,0.6132067,121
0.09996046,0.03784947,0.12530993,0.015702577,0.005161732,0.56376487,104
0.102930464,0.033494607,0.13388997,0.017926525,0.0050404044,0.64111584,106
0.08264619,0.030846313,0.10804014,0.011672672,0.0050107804,0.58356655,392
0.1305665,0.06544295,0.14039947,0.01971201,0.0050043273,0.6830693,435
0.07318413,0.028317887,0.10251132,0.01050857,0.005028889,0.56067765,199
0.0845046,0.034457732,0.11472905,0.013162754,0.005003593,0.51844734,139
0.068398684,0.026605558,0.09505115,0.00903472,0.0050066784,0.46916515,108
0.08051503,0.050334573,0.09393081,0.008822997,0.0051115514,0.40988442,171
0.10328317,0.03534296,0.13175683,0.017359862,0.005051384,0.5286394,225
0.15931685,0.096781425,0.15933213,0.025386725,0.005002668,0.69705653,575
0.13729092,0.06966521,0.14697522,0.021601716,0.0050549083,0.6408578,566
0.15223564,0.08731221,0.15505394,0.024041725,0.005004096,0.6940401,565
0.15568738,0.089696765,0.15933642,0.025388094,0.005004483,0.6249686,566
0.11618856,0.058566574,0.1311366,0.017196808,0.0050192615,0.56040186,370
0.14544354,0.06674216,0.1600773,0.02562474,0.0050352346,0.6550663,471
0.15755613,0.09451011,0.16114524,0.025967788,0.0050181462,0.71258026,545
0.15386957,0.08396679,0.1581396,0.025008135,0.0050251945,0.6372126,523
0.07244952,0.02364526,0.103322,0.010675436,0.0050587193,0.61848104,275
0.06918723,0.02701653,0.08946621,0.008004202,0.0050522895,0.4974089,281
0.06571307,0.021254752,0.09725636,0.0094588,0.0050576306,0.61165863,199
0.07790305,0.024635334,0.10574864,0.011182774,0.005036351,0.5450094,166
0.11996876,0.066605076,0.1284571,0.016501226,0.0053841406,0.50494885,184
0.11947306,0.05527851,0.13396814,0.017947463,0.005079986,0.6711339,218
0.12766118,0.07864749,0.13338408,0.017791314,0.005060104,0.518957,191
0.1274526,0.07485325,0.13010383,0.016927006,0.005001126,0.5600505,197
0.1437439,0.09809816,0.14089388,0.019851083,0.0052470085,0.5417084,203
0.13066432,0.068059035,0.1363707,0.018596968,0.0052754944,0.58332264,211
0.13216116,0.0554066,0.1439532,0.020722525,0.0052094962,0.5661456,183
0.11708162,0.05712917,0.12912105,0.016672246,0.005125542,0.5006095,188
0.10764472,0.056737673,0.11875088,0.014101772,0.0050455956,0.5309558,172
0.10513842,0.044550344,0.12613833,0.015910879,0.005076228,0.5421758,134
0.10439813,0.055462748,0.11396873,0.012988872,0.0051510483,0.45203066,144
0.100307174,0.042154282,0.11367193,0.012921308,0.0053816484,0.4868202,154
0.09569839,0.041781977,0.11312563,0.012797409,0.005005945,0.57556105,190
0.10286348,0.05620141,0.11574661,0.013397278,0.0051050023,0.503105,209
0.11841654,0.07381718,0.12766068,0.016297247,0.005122143,0.6507913,222
0.10880039,0.05258859,0.11955809,0.014294137,0.0050356546,0.508692,230
0.11670797,0.07238177,0.12767924,0.01630199,0.005081953,0.5240088,204
0.12356812,0.07844725,0.12792152,0.016363915,0.005277392,0.577314,181
0.09978087,0.058306903,0.10740937,0.011536773,0.0050852806,0.51431876,136
0.12628604,0.06045357,0.13991755,0.01957692,0.005255724,0.6307812,133
0.09846089,0.0382745,0.11126104,0.0123790195,0.0052502635,0.4774932,153
0.10368128,0.049416546,0.116980486,0.013684435,0.0054171504,0.46694776,153
0.107787795,0.04789456,0.12019536,0.014446924,0.0051356796,0.4759044,145
0.10215349,0.04299837,0.11429212,0.0130626885,0.0050553423,0.511485,131
0.1014031,0.045577925,0.12434264,0.015461092,0.0051609064,0.56906015,112
0.075854756,0.02592194,0.10071971,0.01014446,0.005014019,0.4443125,163
0.14821509,0.07805881,0.15581538,0.024278432,0.005022679,0.7240265,547
0.121968284,0.05807925,0.1372316,0.018832514,0.005010086,0.61103743,367
0.07039817,0.021906614,0.09634689,0.009282724,0.005034117,0.4961035,108
0.069717,0.02948391,0.09144155,0.008361557,0.005064786,0.48738164,143
0.07004231,0.021120587,0.09710761,0.009429889,0.0051036277,0.4150858,106
0.09944357,0.037804607,0.12856862,0.01652989,0.0051998156,0.65117097,255
0.0970269,0.03706984,0.1253713,0.015717965,0.005072368,0.50972706,155
0.156951,0.10358325,0.15618207,0.024392836,0.0050116177,0.6728446,597
0.13895501,0.077636585,0.14765942,0.021803306,0.005058081,0.6826122,605
0.15313327,0.0956765,0.15366296,0.023612306,0.0050441464,0.6714847,594
0.13472073,0.058589384,0.15622595,0.024406547,0.0050206813,0.70949715,531
0.12707788,0.056665927,0.14473192,0.020947328,0.005004332,0.63491017,423
0.06894018,0.02758664,0.09739114,0.009485035,0.0050019715,0.6309894,155
0.09040006,0.04469609,0.103825554,0.010779746,0.0051019876,0.64842814,177
0.08124041,0.028902391,0.10201398,0.010406853,0.0050475784,0.48468965,167
0.077097066,0.033613175,0.09432635,0.008897459,0.0050398624,0.517925,184
0.06729408,0.021700272,0.096411616,0.009295199,0.005090682,0.5464181,146
0.075012,0.024705801,0.09485188,0.008996879,0.00501141,0.35400352,158
0.11287195,0.047490228,0.13796492,0.019034319,0.005008454,0.67532706,323
0.15309833,0.09118996,0.15510283,0.024056891,0.005052708,0.73588943,574
0.15321587,0.086695194,0.15691945,0.024623713,0.0050353887,0.65830845,647
0.15393148,0.090847604,0.15671515,0.024559638,0.005025717,0.67943424,536
0.11738329,0.04668776,0.13969731,0.019515341,0.005016165,0.6435208,403
0.13861233,0.06807983,0.15570365,0.024243627,0.005075988,0.62281156,277
0.15346667,0.08253931,0.16010046,0.025632158,0.00511719,0.7327386,580
0.14741527,0.07607854,0.15321563,0.023475029,0.0050401594,0.6885228,607
0.10584329,0.044353012,0.12984326,0.016859272,0.0050985734,0.6165137,402
0.060827043,0.023440665,0.092718035,0.008596634,0.005003025,0.56974363,171
0.069473,0.018847348,0.097074226,0.009423405,0.0050611417,0.47723278,160
0.113591254,0.05252885,0.12816538,0.016426364,0.005571213,0.5503536,198
0.12778097,0.06368193,0.14418076,0.02078809,0.005174874,0.6391633,176
0.12560537,0.0711686,0.13494,0.018208804,0.005999695,0.5537964,180
0.121286854,0.0656052,0.12690476,0.016104817,0.005000575,0.52085656,193
0.119390756,0.058461763,0.13356002,0.017838279,0.0050259093,0.5511276,200
0.10296425,0.03129009,0.12593354,0.015859257,0.0052192737,0.6411138,151
0.09985439,0.037457433,0.11990844,0.014378033,0.005308846,0.50524384,132
0.12620375,0.069698274,0.13202873,0.017431585,0.00546779,0.4905217,128
0.09895644,0.04252983,0.11762501,0.013835643,0.0050774994,0.49136707,181
0.11957573,0.06927224,0.12099269,0.014639231,0.005009927,0.50943524,199
0.13047397,0.09457069,0.12061295,0.014547484,0.005009968,0.48736697,218
0.1400388,0.08703067,0.13687362,0.018734386,0.0056346124,0.6101737,217
0.114075676,0.05816131,0.12075508,0.014581789,0.0050096256,0.52174115,205
0.118328646,0.06896317,0.12247906,0.015001119,0.005238867,0.5497607,174
0.12645954,0.06637049,0.1324215,0.017535452,0.0053197616,0.57274216,150
0.11677855,0.053971197,0.12930185,0.016718967,0.005188806,0.49345827,143
0.11021194,0.047950055,0.11949928,0.014280079,0.0050517013,0.4295203,149
0.120533116,0.072353706,0.1265942,0.01602609,0.005045513,0.636695,155
0.115409225,0.070979685,0.11927023,0.014225388,0.0053584557,0.4800002,140
0.10178522,0.048917703,0.11451729,0.013114208,0.0050461013,0.5136551,128
0.090973966,0.03758262,0.1155985,0.013363014,0.005110698,0.5901598,118
0.10321088,0.06254619,0.10560127,0.0111516295,0.005368049,0.46026036,116
0.13493963,0.08682108,0.13054699,0.017042516,0.005499501,0.56440115,120
0.06616708,0.023630362,0.09738313,0.009483473,0.0050338353,0.52979344,336
0.06578595,0.0241797,0.10126353,0.010254303,0.0050125094,0.6256888,231
0.062929206,0.02270049,0.09798428,0.009600918,0.005036305,0.6131738,259
0.099634945,0.039092142,0.12317973,0.015173244,0.0050804103,0.63389194,392
0.10594794,0.037775673,0.13323776,0.017752303,0.0050005256,0.6077101,449
0.14834921,0.08029613,0.15325704,0.023487723,0.005113158,0.61415845,629
0.12030262,0.059550803,0.13263172,0.017591173,0.005006352,0.5822675,494
0.11624056,0.053245824,0.12831521,0.016464792,0.0050755087,0.60894907,337
0.08448106,0.024499621,0.11787313,0.0138940755,0.00503468,0.6483908,134
0.08805421,0.04087551,0.10827374,0.011723202,0.005151474,0.5979199,196
0.06919756,0.024140656,0.090558514,0.008200844,0.0051591494,0.43179426,145
0.09312877,0.031533763,0.1174862,0.013803008,0.00506412,0.53073233,164
0.10978391,0.037952077,0.1308429,0.017119862,0.005067264,0.7046345,367
0.103708684,0.03985768,0.13048296,0.0170258,0.0050214846,0.5477084,215
0.10680036,0.038197022,0.1320728,0.017443225,0.0050543146,0.6558319,189
0.09433839,0.038444765,0.114825815,0.013184967,0.0052858405,0.53397447,176
0.1915255,0.16554275,0.1650335,0.027236056,0.0050021154,0.6395717,247
0.1983349,0.16094631,0.16930595,0.028664503,0.005069825,0.6457465,366
0.21701102,0.2010839,0.1636449,0.026779654,0.0050027505,0.67041045,378
0.21094528,0.18101558,0.1721358,0.029630736,0.0050479514,0.6261027,360
0.20578106,0.1819332,0.16915359,0.028612938,0.0052574696,0.6735826,395
0.20375212,0.17305493,0.17428364,0.030374788,0.005074242,0.6903158,374
0.13655354,0.06998272,0.14549395,0.021168489,0.0050437087,0.61478543,227
0.12141132,0.06032428,0.13814612,0.01908435,0.005128199,0.6339706,313
0.1448472,0.08515068,0.14812483,0.021940963,0.005036508,0.63334686,554
0.16404012,0.09684789,0.15989584,0.02556668,0.005011684,0.61632025,600
0.07076143,0.024163967,0.09708637,0.009425763,0.0050373515,0.5455914,240
0.10491622,0.046226166,0.12758099,0.016276909,0.0051072403,0.563349,190
0.12694359,0.06815378,0.13283293,0.017644588,0.005074364,0.57142025,226
0.123325825,0.06323677,0.13776934,0.018980391,0.0051677353,0.56379,177
0.13128696,0.064764395,0.14175911,0.020095645,0.005135186,0.68078446,188
0.12402237,0.049558494,0.14355992,0.02060945,0.005029815,0.60935575,183
0.11748687,0.056639705,0.13218506,0.017472887,0.0050200084,0.5791108,167
0.12209172,0.04429703,0.14155675,0.020038316,0.005012219,0.5690308,154
0.10416392,0.049949616,0.12294442,0.015115331,0.0050390614,0.51726335,144
0.101952374,0.042372257,0.124674104,0.015543633,0.0050691627,0.59442955,162
0.10266437,0.05110767,0.1144676,0.013102831,0.005155097,0.4728554,183
0.09840663,0.046663947,0.11235464,0.012623566,0.005184808,0.55473346,205
0.09979395,0.05254543,0.109038204,0.011889329,0.005086464,0.47526506,234
0.12425817,0.06944218,0.13181975,0.017376449,0.0050080344,0.50049937,221
0.101000614,0.056166396,0.10754936,0.011566865,0.0051549617,0.452478,221
0.1094522,0.053435512,0.119302265,0.014233031,0.00516102,0.46444377,200
0.124534555,0.057915986,0.13517544,0.018272398,0.005166585,0.50489116,188
0.11773056,0.05955738,0.13213359,0.017459285,0.0050279475,0.55430585,168
0.109655775,0.058682047,0.12080778,0.01459452,0.0052042115,0.5745772,154
0.11936715,0.066159576,0.13352409,0.017828684,0.0050968165,0.6619172,163
0.11554988,0.0659719,0.12364636,0.015288423,0.005069468,0.517992,171
0.11730109,0.053827822,0.12556282,0.015766023,0.005012617,0.5552406,151
0.12596102,0.059729703,0.13031185,0.016981177,0.005038085,0.49884278,145
0.12660167,0.058408476,0.13840443,0.019155785,0.005030275,0.612527,168
0.12091118,0.06736723,0.13003474,0.016909035,0.005143849,0.53686917,178
0.1286947,0.07491482,0.1364677,0.018623432,0.00500237,0.70448714,156
0.11630328,0.057716712,0.12526964,0.015692482,0.005122317,0.49936798,154
0.12192452,0.0669993,0.12623514,0.015935311,0.0050098333,0.50896984,144
0.11195645,0.03455763,0.1337642,0.017892864,0.0050045433,0.5365285,138
0.10789284,0.034656458,0.13684219,0.018725786,0.005053584,0.6012254,150
0.12916906,0.06782437,0.14083362,0.019834109,0.005011521,0.6199166,211
0.12646967,0.073070005,0.13333769,0.01777894,0.0051319674,0.5168909,230
0.11709149,0.05923141,0.12200696,0.014885698,0.0051545403,0.55594844,208
0.13793057,0.10027096,0.13812259,0.019077849,0.0050978595,0.5900204,208
0.12991044,0.09366136,0.12307277,0.015146907,0.005004345,0.5178282,191
0.11998819,0.05266987,0.13324484,0.017754188,0.005112494,0.5515355,196
0.108580954,0.04760037,0.12733164,0.016213348,0.00503763,0.5622198,182
0.10471437,0.05844398,0.111118756,0.012347379,0.00500575,0.4340572,180
0.111399576,0.045680728,0.12818472,0.016431324,0.005035096,0.6093078,180
0.10280336,0.04192996,0.11989516,0.01437485,0.005026945,0.5393987,166
0.09962147,0.05377366,0.11180651,0.012500696,0.0050292187,0.42631856,164
0.09301985,0.0521663,0.101274975,0.010256621,0.005116991,0.42531407,146
0.10515599,0.05305413,0.11780547,0.01387813,0.005006982,0.49174517,174
0.11087464,0.044481564,0.124783024,0.015570803,0.0051827244,0.6646587,206
0.12443179,0.08104351,0.12965642,0.016810786,0.005195063,0.60360414,213
0.1069432,0.054049317,0.11617462,0.013496542,0.0051476965,0.45480096,216
0.120692335,0.06329572,0.12717243,0.016172824,0.0050569978,0.47246283,180
0.108772926,0.052994702,0.13314801,0.017728396,0.0050652563,0.65520334,165
0.13187632,0.0715261,0.13843046,0.019162994,0.005259098,0.5827232,172
0.13251203,0.07734092,0.13777488,0.018981919,0.005096199,0.5776375,177
0.14307033,0.07662429,0.15220252,0.023165606,0.005044478,0.6646861,207
0.14453886,0.094208375,0.14043085,0.019720823,0.005125148,0.5611842,204
0.12102315,0.072831996,0.12419221,0.015423705,0.0050135604,0.53200847,213
0.10222598,0.058961324,0.10555201,0.011141227,0.005096643,0.47651553,194
0.113548055,0.056484126,0.12372186,0.0153071,0.0053690043,0.50289786,205
0.12834555,0.08100957,0.12977803,0.016842337,0.0050295587,0.6236308,184
0.10767775,0.059662048,0.1161718,0.013495888,0.0050259605,0.50595844,178
0.11289655,0.05819122,0.120248646,0.014459738,0.005060023,0.5442413,164
0.115254566,0.05624259,0.122035176,0.014892585,0.0053363573,0.4793401,154
0.09870613,0.05290853,0.10666028,0.011376414,0.0051339054,0.5874075,175
0.11311949,0.043179918,0.13026808,0.016969772,0.005136503,0.5877723,157
0.105604425,0.045389432,0.1225328,0.015014287,0.005174254,0.488133,142
0.118475124,0.049109157,0.14093807,0.01986354,0.0050484533,0.6606366,121
0.0983899,0.04661896,0.11177034,0.012492608,0.005132426,0.45337823,124
0.093351066,0.045480426,0.108323164,0.011733908,0.0050828843,0.47962436,140
0.103247404,0.044902947,0.12595078,0.015863601,0.005065223,0.5572705,149
0.0926472,0.032494795,0.11292405,0.012751841,0.0050650323,0.59507287,144
0.09891603,0.036846258,0.117466055,0.013798274,0.005073466,0.53899187,166
0.09037918,0.03352036,0.110601336,0.012232655,0.005065146,0.60625935,173
0.09609194,0.047101997,0.106292084,0.011298006,0.0050069103,0.5110624,139
0.08591312,0.032496147,0.10780164,0.011621193,0.0050010667,0.5302704,184
0.10764475,0.050136596,0.12076402,0.014583948,0.005256231,0.554372,145
0.09777125,0.041076783,0.111857966,0.012512205,0.0050274977,0.44664717,152
0.09027254,0.03478837,0.10477483,0.010977766,0.005134844,0.46521223,142
0.10987913,0.055122916,0.1282484,0.016447652,0.005091572,0.5564334,162
0.10710029,0.059283,0.11601945,0.013460512,0.0050595957,0.59243923,170
0.12313175,0.065884285,0.13046846,0.017022017,0.0050052903,0.60498166,156
0.10647593,0.04292798,0.12694314,0.01611456,0.0050343517,0.48609778,143
0.11898564,0.06948261,0.12511438,0.01565361,0.00506114,0.5314629,151
0.10766439,0.055944853,0.1196767,0.014322514,0.0051778657,0.558363,202
0.12825759,0.07423524,0.13015415,0.016940104,0.0050211553,0.49567896,193
0.12682563,0.06601755,0.13311331,0.017719151,0.005108257,0.56100094,234
0.12553367,0.08932649,0.12588225,0.01584634,0.0051244353,0.582812,213
0.107917294,0.045071878,0.12814938,0.016422262,0.0050946856,0.585599,207
0.11557733,0.04448947,0.13330883,0.017771244,0.0051963436,0.6391491,197
0.10137038,0.040525384,0.12570398,0.01580149,0.0050949324,0.5485705,154
0.09532615,0.040163208,0.11369238,0.012925957,0.005081332,0.46956223,157
0.09868081,0.028704986,0.12284949,0.015091996,0.0050051725,0.5043262,177
0.10769386,0.042357303,0.12455183,0.015513158,0.005206488,0.505706,164
0.10132034,0.044515584,0.113244414,0.012824297,0.005075366,0.5119003,156
0.10156863,0.04988336,0.1092667,0.011939212,0.005043041,0.5824403,150
0.08781945,0.03556291,0.10186821,0.010377133,0.005046274,0.45498982,154
0.08650661,0.039805762,0.106012195,0.011238585,0.0050150356,0.5003944,188
0.1048338,0.052786607,0.1248053,0.015576364,0.0050332244,0.58100516,180
0.12152874,0.059069555,0.13720064,0.018824015,0.0051444774,0.60684425,173
0.12685311,0.05678215,0.14359851,0.02062053,0.0050038774,0.7116421,191
0.13816336,0.08271453,0.14310902,0.020480191,0.0050594024,0.5760723,212
0.13474941,0.07268275,0.1388836,0.019288655,0.0051194555,0.61628085,219
0.13283217,0.09395212,0.13346341,0.017812481,0.005059139,0.64139026,217
0.11553983,0.061927266,0.12881686,0.016593784,0.0051543685,0.6407209,196
0.12894557,0.073840834,0.13282746,0.017643135,0.00524628,0.62934977,187
0.12957498,0.05376564,0.14468552,0.020933898,0.0051362948,0.5594331,188
0.13209942,0.07275159,0.14157276,0.020042848,0.0050332313,0.6252177,188
0.121797614,0.07130647,0.12800984,0.016386518,0.005029205,0.57105094,189
0.1373257,0.10299996,0.13107164,0.017179776,0.0051350836,0.528336,201
0.13718794,0.078968555,0.13812977,0.019079832,0.0051365467,0.6551956,243
0.12011608,0.06602682,0.1354842,0.01835597,0.005236943,0.6360998,235
0.11312681,0.0698581,0.118913874,0.01414051,0.005154664,0.49783728,223
0.10592266,0.063224375,0.107785426,0.011617699,0.00507301,0.4348484,201
0.10645886,0.06448574,0.1106688,0.012247584,0.005041196,0.52827173,198
0.110709794,0.0585466,0.123423725,0.015233415,0.0051171654,0.4869161,159
0.11053468,0.058339015,0.12090095,0.014617041,0.005026836,0.4712014,154
0.10747975,0.07624024,0.10328428,0.010667643,0.0051049707,0.43093136,169
0.10738097,0.05512,0.11664528,0.01360612,0.0051320675,0.47835395,148
0.11228945,0.06488766,0.11674022,0.013628279,0.005131199,0.5879857,122
0.099445775,0.052790344,0.10380591,0.010775666,0.005032358,0.4386486,126
0.10504901,0.047873795,0.1202144,0.014451502,0.0052412446,0.6496455,147
0.10555071,0.047175918,0.118689656,0.014087235,0.0050199027,0.60067666,165
0.12092254,0.067408696,0.13443169,0.01807188,0.005028635,0.536294,192
0.1289036,0.08754437,0.1288655,0.016606316,0.005020123,0.4907793,212
0.11498004,0.05962607,0.123784706,0.015322653,0.0053003104,0.52586246,198
0.11914692,0.06979576,0.12189118,0.01485746,0.0051146606,0.5877474,206
0.10962158,0.055005737,0.12347709,0.015246591,0.0050964504,0.6198518,213
0.12362895,0.070765406,0.12732089,0.016210608,0.0050564157,0.6735786,184
0.12392033,0.058215592,0.13673188,0.018695606,0.0050909217,0.6107696,176
0.1202778,0.07297818,0.12742291,0.016236598,0.0051465807,0.60613126,170
0.11745459,0.05662445,0.12224323,0.014943408,0.0052698147,0.4666701,159
0.11336018,0.06086477,0.12298603,0.015125565,0.0051815347,0.58452946,156
0.10648603,0.06398492,0.112020075,0.012548498,0.0051265936,0.39723775,155
0.12431945,0.083762586,0.12067976,0.014563604,0.0052023903,0.50354105,133
0.10177873,0.051503237,0.1152598,0.013284821,0.0050525153,0.52529836,161
0.059446365,0.023525879,0.09266174,0.008586197,0.005045886,0.5630255,229
0.078041054,0.03201422,0.103157595,0.01064149,0.0050933105,0.5132683,360
0.14906265,0.0840424,0.15736654,0.024764229,0.0050441213,0.6949493,587
0.09626722,0.033225108,0.12537126,0.015717953,0.0050394465,0.68848646,398
0.10725273,0.043786407,0.13669597,0.018685786,0.0050465288,0.6304126,418
0.13569343,0.0708448,0.15197134,0.02309529,0.0050159334,0.6789612,501
0.15661478,0.09944252,0.15711242,0.024684312,0.005100332,0.6267697,569
0.0711106,0.02711329,0.093153246,0.008677527,0.005157132,0.5171859,191
0.13236396,0.079691656,0.13388868,0.017926179,0.0050978065,0.6458752,233
0.17343311,0.13112396,0.16474591,0.027141213,0.005038206,0.72696596,274
0.20436265,0.17799245,0.17373782,0.03018483,0.005308946,0.7298268,317
0.21019259,0.18533215,0.17753014,0.03151695,0.005205482,0.6959496,298
0.23116101,0.22839881,0.18027206,0.032498013,0.0050668786,0.7274563,299
0.14772001,0.07538571,0.15758562,0.024833228,0.0052454686,0.71660435,177
0.083019264,0.03264972,0.10223357,0.0104517015,0.0050141066,0.5222484,179
0.07689882,0.026108691,0.108093396,0.011684182,0.00511168,0.53201276,235
0.113428645,0.044996493,0.13905069,0.019335095,0.0050031235,0.6183957,360
0.07908906,0.03683759,0.099779025,0.009955853,0.0050212718,0.51958984,213
0.12865101,0.061489504,0.14090323,0.01985372,0.005071491,0.57025754,407
0.16408242,0.09209085,0.16685583,0.027840866,0.0050965026,0.7327168,573
0.13042602,0.064878635,0.14816836,0.021953862,0.0050450587,0.71166456,498
0.08741087,0.035640486,0.108761966,0.011829166,0.005006387,0.513353,324
0.06670554,0.03102154,0.08452375,0.007144265,0.0050072744,0.37677222,148
0.09785032,0.036402285,0.11456035,0.013124074,0.005010754,0.47379026,157
0.11659592,0.06849246,0.118385,0.014015009,0.005055223,0.45088738,187
0.14471073,0.095295735,0.14709598,0.021637227,0.0050328793,0.66811734,202
0.12974912,0.06796398,0.13488731,0.018194586,0.00502972,0.63794494,217
0.12430177,0.06553712,0.13107723,0.01718124,0.0052424734,0.6668523,211
0.13309294,0.075319424,0.13732362,0.018857777,0.005018933,0.47765154,212
0.115816355,0.052817494,0.12727118,0.016197953,0.0050371657,0.52134866,193
0.11853253,0.061800435,0.124822594,0.01558068,0.0050553083,0.6329075,181
0.10589816,0.050010044,0.124825634,0.015581438,0.0050308662,0.62958616,180
0.10420084,0.052294746,0.11509506,0.0132468715,0.0051921187,0.5128236,168
0.12506318,0.06016884,0.13659999,0.018659558,0.005157255,0.5765104,174
0.11060873,0.052087277,0.12304008,0.015138862,0.005017642,0.5285996,176
0.11270036,0.044151846,0.12798566,0.016380329,0.005031026,0.5263235,157
0.109359704,0.052421752,0.12236646,0.01497355,0.0051322463,0.63354325,211
0.111913964,0.056732886,0.12626347,0.015942464,0.005301091,0.60495806,196
0.11686599,0.04980006,0.13431104,0.018039456,0.005261776,0.6451837,220
0.12453899,0.05761079,0.13805841,0.019060126,0.005055609,0.59490377,225
0.119247384,0.06946561,0.12520419,0.01567609,0.0052340343,0.5225889,231
0.12525108,0.08728518,0.11958475,0.014300511,0.005069538,0.559298,224
0.1059978,0.052691653,0.11443043,0.013094323,0.005017192,0.44513777,198
0.097988054,0.039791703,0.111448124,0.012420684,0.0051238975,0.47083175,174
0.09863325,0.040531963,0.11619148,0.013500459,0.0051206406,0.45823696,154
0.10399883,0.04534758,0.11679748,0.01364165,0.005028717,0.4557272,133
0.10531862,0.039972175,0.12752187,0.016261829,0.0050376123,0.5411437,146
0.12764505,0.078797355,0.128699,0.016563434,0.005226264,0.48447722,157
0.104312696,0.054784797,0.1160068,0.013457577,0.0050477255,0.5544847,168
0.12463047,0.075263284,0.123530604,0.01525981,0.0050536655,0.55438375,160
0.10359562,0.05309926,0.11256411,0.012670678,0.00500415,0.5214949,186
0.122214034,0.06948704,0.13056591,0.017047457,0.0050643524,0.65478367,179
0.12958609,0.084577024,0.12912354,0.016672889,0.005245187,0.56924736,147
0.1268174,0.068455465,0.13367587,0.01786924,0.0050429725,0.53712314,156
0.11888538,0.07072899,0.13475998,0.018160252,0.005370047,0.6794968,156
0.11111621,0.05029353,0.124174766,0.015419373,0.005094368,0.60800445,159
0.10756318,0.05045463,0.11747133,0.013799513,0.0051122922,0.5871977,188
0.106921636,0.069754995,0.11092361,0.012304048,0.0050303317,0.4805063,227
0.117014475,0.06336024,0.12722471,0.016186127,0.0050041787,0.58339137,249
0.11058978,0.049353078,0.12511586,0.015653977,0.0051961066,0.5486623,218
0.110910326,0.039661255,0.13146636,0.017283402,0.005068133,0.5668106,215
0.11233854,0.05129254,0.12557921,0.01577014,0.0052337414,0.53009224,176
0.112391725,0.048065238,0.13308968,0.017712863,0.005061016,0.52955574,158
0.097586624,0.033523064,0.12433689,0.015459662,0.0051253513,0.63709605,161
0.11028558,0.042431496,0.13060743,0.017058298,0.0050264513,0.5847872,157
0.102400444,0.033150665,0.12784177,0.016343517,0.0052302876,0.53984004,148
0.0963411,0.03396679,0.11393233,0.012980576,0.0050155288,0.48125175,145
0.082552366,0.033185143,0.10364106,0.01074147,0.0050013238,0.5603506,154
0.10851037,0.054800857,0.124451354,0.015488139,0.005110826,0.63486606,164
0.09992863,0.041372903,0.12177292,0.014828645,0.0050368994,0.65520674,168
0.10213305,0.04881537,0.11973131,0.014335587,0.0050479635,0.46102205,182
0.13825335,0.087481745,0.13829999,0.019126887,0.005011079,0.61344904,181
0.115475774,0.07449687,0.121457875,0.0147520155,0.0050366353,0.5709911,197
0.12007303,0.064855956,0.12877508,0.016583022,0.005272145,0.5396375,212
0.1295867,0.07947458,0.13540614,0.018334823,0.005007434,0.6786435,232
0.121151365,0.06872318,0.12985833,0.016863184,0.005148107,0.67249227,217
0.1279345,0.07860966,0.12923574,0.016701879,0.005165213,0.5985961,188
0.12267272,0.06952031,0.1334146,0.017799456,0.0052205375,0.533706,183
0.12449569,0.06529293,0.13869427,0.019236099,0.0050144624,0.6175505,172
0.1356954,0.08509548,0.13810079,0.019071829,0.0052218377,0.6387743,180
0.1428673,0.09240913,0.14510171,0.021054504,0.0051622577,0.5843741,201
0.120727904,0.05761264,0.13299169,0.01768679,0.00510396,0.55784273,213
0.10685994,0.05292088,0.118490346,0.014039963,0.0051018363,0.51938325,230
0.12762304,0.07194333,0.13483965,0.018181732,0.00506815,0.6140314,219
0.1093041,0.04099748,0.12226338,0.014948334,0.005060971,0.51265323,229
0.13087969,0.0812166,0.13984057,0.019555384,0.005273329,0.58362144,186
0.12290657,0.057603307,0.14307539,0.020470567,0.005020512,0.7104448,195
0.13542192,0.0706432,0.13965416,0.019503286,0.005270693,0.56435156,166
0.12357268,0.06533113,0.13077082,0.017101008,0.005164236,0.5056767,159
0.10316625,0.041950874,0.12595959,0.015865818,0.0050038104,0.56361234,153
0.11227957,0.045245845,0.12724803,0.016192062,0.0050174803,0.4820961,144
0.115545474,0.0623771,0.12802841,0.016391272,0.005088538,0.5582312,150
0.10331507,0.042072866,0.12462118,0.01553044,0.0050099553,0.5794379,157
0.10016555,0.046405315,0.11879345,0.014111883,0.005065243,0.5600504,169
0.1008073,0.050441783,0.11470523,0.0131572895,0.005085957,0.54268533,170
0.10483783,0.053653814,0.11863475,0.0140742045,0.0050702984,0.4991011,173
0.10066593,0.056476377,0.11096817,0.012313936,0.005053588,0.47884217,190
0.10693643,0.057799138,0.11278255,0.012719904,0.0050849346,0.42972934,172
0.105264135,0.05416775,0.11629846,0.013525332,0.005154627,0.5851626,166
0.118899755,0.07496632,0.119808406,0.014354055,0.0051657557,0.5161424,155
0.12331302,0.072992995,0.13209242,0.017448405,0.0052272836,0.6740669,157
0.11027958,0.061196808,0.12069748,0.014567882,0.005047987,0.53250957,161
0.119045325,0.051699247,0.13632503,0.018584514,0.0051174616,0.6807113,173
0.117385745,0.06459773,0.1236936,0.015300106,0.0051066033,0.48468775,164
0.1228894,0.061226502,0.13557756,0.018381273,0.005081478,0.54312134,142
0.11071997,0.048355408,0.1305275,0.017037427,0.0050709667,0.6058947,146
0.11624478,0.050795052,0.135584,0.018383019,0.0050402125,0.690214,139
0.11803258,0.057278417,0.1330138,0.01769267,0.0052345046,0.54366815,165
0.11864881,0.05340443,0.14047246,0.01973251,0.0051030656,0.5582989,193
0.11880296,0.058925275,0.12820207,0.01643577,0.005015066,0.64544344,222
0.107863255,0.061020035,0.119591855,0.014302212,0.0050401646,0.6746949,217
0.123175874,0.060278222,0.13701661,0.018773552,0.0052106963,0.59147745,207
0.1207615,0.0629078,0.13185786,0.017386494,0.0050142175,0.5856613,196
0.11488165,0.0594505,0.13016488,0.016942894,0.0050878725,0.5651337,195
0.10887857,0.05923364,0.11881757,0.014117615,0.0050003314,0.5235697,218
0.112669714,0.04199154,0.13437675,0.01805711,0.0050019952,0.5220862,200
0.11377899,0.045170713,0.13014987,0.01693899,0.005026544,0.52416027,183
0.10596037,0.04858124,0.12390107,0.015351474,0.0051438347,0.54033256,184
0.10136028,0.04981256,0.11756674,0.013821938,0.0051206835,0.60737956,170
0.12685545,0.05610647,0.14628468,0.02139921,0.0051455614,0.59707946,152
0.07462534,0.024045601,0.11561691,0.013367269,0.005008866,0.5836215,179
0.07082411,0.029924354,0.10166163,0.010335087,0.0050049326,0.54511595,212
0.07276551,0.025647603,0.108829245,0.011843805,0.0050911848,0.56708246,177
0.08408841,0.03297277,0.10565729,0.011163462,0.0050997846,0.50103956,166
0.11067006,0.04453726,0.12932074,0.016723853,0.0050268993,0.54136294,183
0.118394636,0.05129858,0.13732925,0.018859325,0.005024672,0.70715016,185
0.11650502,0.06225369,0.13161463,0.017322408,0.0051447838,0.56080663,175
0.10785144,0.046870537,0.12437177,0.015468337,0.0050733774,0.5513555,196
0.105472624,0.049344882,0.117110364,0.013714838,0.0050656176,0.4535482,152
0.09984222,0.04744829,0.1103914,0.012186261,0.0054206224,0.49089545,157
0.111777246,0.06766763,0.11429918,0.013064302,0.0054414724,0.4755175,169
0.12194156,0.0652151,0.12983668,0.016857563,0.0051648845,0.5146261,185
0.12396914,0.0730923,0.12399017,0.015373562,0.0051312363,0.45250747,182
0.12277515,0.05687968,0.13562422,0.018393926,0.0050144508,0.5507148,200
0.11625773,0.074638456,0.120222054,0.014453342,0.005182666,0.552794,201
0.1020451,0.056203358,0.11567442,0.013380572,0.0050970186,0.4969764,210
0.098734535,0.04550873,0.115132175,0.013255417,0.005102497,0.58588034,195
0.10656134,0.054315135,0.111228645,0.012371812,0.0050503574,0.45596704,190
0.10528043,0.04718748,0.123796485,0.0153255705,0.0050453073,0.54236764,140
0.11748665,0.050361734,0.13177384,0.017364345,0.0052513722,0.66115075,156
0.094803125,0.045746915,0.11425991,0.013055327,0.005093736,0.4929592,163
0.106617235,0.04463865,0.12643187,0.015985016,0.0050235996,0.5684535,163
0.07764889,0.0374045,0.09895803,0.009792692,0.0050012306,0.48578092,133
0.0992475,0.041081145,0.12071048,0.014571019,0.005042828,0.44852912,127
0.089566715,0.04031669,0.10732327,0.011518283,0.0051859957,0.47049278,149
0.09984476,0.044006176,0.11628787,0.013522869,0.005264325,0.56962246,158
0.11080079,0.04663809,0.124529175,0.0155075155,0.0050584557,0.4933659,159
0.115819536,0.055302557,0.13034056,0.016988663,0.00522115,0.5559816,175
0.10430238,0.051501803,0.117016554,0.0136928735,0.0050259833,0.51838434,190
0.10521187,0.06463127,0.10724004,0.011500427,0.0052203364,0.4905791,200
0.09570031,0.04961263,0.10791191,0.01164498,0.005052069,0.57561547,203
0.11354666,0.05722232,0.12101609,0.014644894,0.00502251,0.545463,188
0.099711336,0.0483057,0.1105447,0.01222013,0.0050440496,0.5116838,203
0.09983918,0.0488894,0.11025477,0.012156114,0.005145715,0.6278785,176
0.1151397,0.054651044,0.12939338,0.016742649,0.005126716,0.6009158,160
0.116405584,0.05990602,0.13153006,0.017300157,0.0050387476,0.5746851,155
0.1155927,0.06352377,0.11861149,0.014068686,0.0050713895,0.4748415,141
0.106307365,0.047897134,0.12983134,0.016856179,0.005026765,0.59131247,169
0.11310224,0.061107505,0.124534905,0.015508942,0.0050291675,0.5122436,141
0.10940957,0.039389297,0.12762728,0.016288724,0.0050379545,0.5752611,169
0.09818893,0.04262565,0.119158186,0.014198674,0.005134225,0.600529,166
0.11697701,0.050766796,0.13508503,0.018247964,0.0051006554,0.581852,174
0.12623651,0.07686357,0.13742419,0.018885406,0.005211209,0.5839463,187
0.12366852,0.05754268,0.13171643,0.017349219,0.005000512,0.50187224,221
0.12390422,0.07495953,0.1291452,0.016678482,0.0051007504,0.5609824,218
0.114688344,0.053699434,0.1280268,0.01639086,0.0051649376,0.56926864,209
0.108395666,0.054620497,0.12101529,0.0146447,0.0050283545,0.56094956,218
0.10532194,0.04152506,0.12330562,0.015204276,0.005368781,0.43728012,154
0.09431267,0.031844717,0.11331373,0.01284,0.005114675,0.44386673,176
0.09180144,0.029467268,0.11895541,0.0141503895,0.0050931065,0.5327747,167
0.093451016,0.044248525,0.1117712,0.012492802,0.0050012744,0.54315,143
0.08609504,0.035004538,0.11519732,0.013270424,0.0050292807,0.60702634,161
0.08846074,0.033231415,0.10673186,0.011391691,0.0052170306,0.5351533,172
0.0919522,0.04254256,0.106937386,0.011435605,0.005057301,0.4754284,171
0.08459954,0.02969679,0.10290156,0.010588732,0.0050954404,0.4925876,153
0.084635064,0.046148703,0.09782897,0.009570507,0.005022375,0.46289924,153
0.09398042,0.03879366,0.11677996,0.0136375595,0.0050344756,0.56734043,146
0.09313585,0.029299157,0.11383429,0.012958245,0.0051393067,0.5444048,161
0.116591744,0.053800218,0.12948057,0.016765216,0.005241433,0.5442304,158
0.117670625,0.065304846,0.13271543,0.017613385,0.00523599,0.56487757,168
0.10817972,0.04438161,0.12702665,0.01613577,0.005005319,0.6006591,185
0.12769255,0.08618576,0.13276467,0.017626455,0.005118023,0.59653515,199
0.12479487,0.06741738,0.1309723,0.017153742,0.0050735376,0.5064378,205
0.12669544,0.09453447,0.12470771,0.015552013,0.005005171,0.5965627,210
0.11938168,0.08999975,0.11575422,0.013399039,0.005489221,0.5474983,194
0.12450419,0.068620265,0.12910885,0.016669095,0.0050071217,0.53791386,178
0.11514088,0.06775927,0.13115695,0.017202146,0.0050156005,0.70467913,163
0.10363945,0.051900554,0.11581823,0.013413863,0.0050306227,0.5317707,167
0.12805651,0.07562952,0.13467512,0.018137386,0.005162431,0.5866821,178
0.13091566,0.076097,0.13867271,0.019230122,0.005105553,0.5824128,209
0.12051592,0.070476666,0.13124509,0.017225273,0.005030692,0.71131134,221
0.11664783,0.048940472,0.13768494,0.018957142,0.005112605,0.59528327,216
0.12260455,0.06663026,0.13343444,0.017804751,0.0054321303,0.4972748,210
0.11107212,0.060306095,0.12585233,0.01583881,0.005166033,0.5487826,202
0.10845841,0.06397608,0.11640431,0.013549964,0.0050777504,0.5439271,186
0.09517835,0.048338786,0.10434105,0.010887056,0.0050276467,0.5049417,171
0.12031907,0.06610088,0.12652415,0.016008362,0.0052580894,0.49520493,162
0.11170021,0.05165431,0.12243703,0.014990827,0.00503321,0.4580601,164
0.12265135,0.06138462,0.13567433,0.018407522,0.005317572,0.5862778,171
0.104019105,0.03680645,0.12841147,0.016489506,0.005064375,0.5801259,165
0.13261206,0.06954174,0.1390582,0.019337183,0.0050312453,0.5392031,153
0.121512756,0.056956284,0.13658454,0.018655334,0.0050716577,0.5353744,157
0.11257047,0.046488635,0.1325004,0.017556356,0.005060512,0.5180997,144
0.10053663,0.046536677,0.12129348,0.014712107,0.0053779758,0.522802,142
0.10881545,0.05083367,0.1222055,0.014934186,0.0052114916,0.47826934,144
0.1063691,0.0401763,0.12751345,0.01625968,0.005126795,0.49974447,141
0.096563205,0.0492745,0.11962574,0.014310317,0.0050957734,0.6422671,140
0.09940174,0.039504543,0.120091714,0.01442202,0.005166444,0.451797,148
0.10040047,0.0570503,0.11645821,0.013562514,0.0050455597,0.5771245,139
0.10207576,0.038473688,0.12130254,0.014714305,0.00508129,0.5090752,145
0.118663035,0.063799955,0.13186875,0.017389368,0.00511829,0.5268922,167
0.11381538,0.0594345,0.12343394,0.015235938,0.0051020165,0.47547346,154
0.119283535,0.046472214,0.1367167,0.018691454,0.005049324,0.52407694,149
0.11869358,0.0522463,0.13682188,0.018720226,0.005128647,0.59748715,159
0.12288938,0.06288711,0.13256945,0.017574659,0.0050573,0.55240834,171
0.121336415,0.06401377,0.13479508,0.018169714,0.0050479835,0.6282892,239
0.112201504,0.06497754,0.12093754,0.014625888,0.0050424323,0.5335418,204
0.11341197,0.053984467,0.12809299,0.016407816,0.0050748694,0.5117075,217
0.10877556,0.051649373,0.12348575,0.015248732,0.005162558,0.70079094,225
0.110815704,0.05448753,0.122819096,0.015084531,0.005176509,0.50277776,189
0.11448905,0.056725673,0.12039055,0.0144938845,0.0050434205,0.49496976,205
0.10496959,0.056586836,0.115431294,0.013324384,0.0051466343,0.5088941,178
0.10311924,0.04200798,0.121446334,0.014749211,0.005171181,0.5779112,189
0.10973579,0.052683488,0.12715209,0.016167652,0.005036735,0.66454995,216
0.10455665,0.050999068,0.11529051,0.013291902,0.0050703697,0.5170908,196
0.11546271,0.05117784,0.13032037,0.0169834,0.0051267375,0.61514616,199
0.11217612,0.044061363,0.13015467,0.01694024,0.0050472505,0.629063,214
0.103320755,0.052610144,0.11441958,0.01309184,0.0051582735,0.49145856,190
0.11787341,0.06746873,0.12948892,0.016767379,0.0052963984,0.5344696,170
0.1142069,0.05894964,0.12895314,0.016628914,0.0050673513,0.7410967,165
0.096867874,0.03796812,0.11080822,0.012278463,0.0050118975,0.5410366,149
0.11416238,0.06257352,0.12652907,0.016009605,0.00500467,0.56304324,148
0.10036729,0.04896866,0.12083973,0.01460224,0.005112757,0.5860772,158
0.111434996,0.050691158,0.11900105,0.014161251,0.005082226,0.5091214,170
0.11165245,0.06766438,0.12927207,0.016711269,0.0050945794,0.6109289,159
0.11110737,0.052352697,0.12759091,0.01627944,0.0050609563,0.58274204,173
0.10761074,0.05392261,0.12402249,0.015381578,0.0050197933,0.54995,198
0.11126852,0.0518374,0.12256001,0.015020956,0.0052102036,0.5754934,205
0.13181008,0.07817526,0.13700077,0.018769212,0.005033682,0.5821828,216
0.12101029,0.07010691,0.13107955,0.017181851,0.005051852,0.6498761,216
0.11160326,0.053586885,0.11961209,0.014307053,0.005034262,0.5602933,184
0.12245695,0.06438415,0.13220507,0.017478181,0.0052234638,0.67356604,174
0.11806778,0.052710716,0.13211732,0.017454984,0.005203048,0.58267504,188
0.11589421,0.060436875,0.13141187,0.017269079,0.005200241,0.59889215,196
0.12305458,0.07666062,0.13031967,0.016983217,0.005140709,0.56044644,201
0.12538396,0.08231454,0.11942089,0.014261349,0.005018323,0.49821585,193
0.12027871,0.061723497,0.12896998,0.016633255,0.005268787,0.68087375,208
0.11963356,0.07281266,0.12802222,0.01638969,0.005053998,0.6321721,191
0.13271196,0.079872906,0.12826763,0.016452586,0.0051197005,0.50579995,206
0.11270508,0.063752264,0.12366965,0.015294182,0.005226726,0.5391057,209
0.11136954,0.06886665,0.11559374,0.013361912,0.00526278,0.4998555,169
0.11968182,0.039366275,0.14127989,0.019960009,0.0050120326,0.5169827,178
0.12572603,0.070473954,0.13079041,0.017106133,0.00526054,0.62610793,189
0.12075813,0.06912344,0.12858695,0.016534602,0.0050363545,0.49824622,186
0.12591667,0.07665996,0.13165188,0.017332217,0.005098867,0.53177863,150
0.101286255,0.04856909,0.114512764,0.013113173,0.005155968,0.5122552,136
0.08159163,0.034174643,0.10663905,0.011371887,0.0052063297,0.5258638,152
0.07982278,0.03602183,0.10152784,0.0103079025,0.005731842,0.5794069,159
0.083531685,0.04237891,0.098076425,0.0096189855,0.0050045964,0.40051892,161
0.10697925,0.05111613,0.112669155,0.012694338,0.0050738943,0.43887606,165
0.10932398,0.0524383,0.122401305,0.01498208,0.005220818,0.5597609,163
0.09070324,0.03595072,0.11243306,0.012641192,0.0051887454,0.5279528,177
0.1072684,0.05837645,0.11461534,0.013136677,0.005006124,0.5190857,177
0.11525459,0.064677946,0.11713262,0.01372005,0.0052527376,0.5690406,161
0.11611619,0.05883043,0.12749985,0.016256211,0.005475348,0.51870316,167
0.12731983,0.06434219,0.13745947,0.018895106,0.005184912,0.66239226,167
0.12525351,0.065980725,0.13265754,0.017598026,0.005046116,0.5551578,167
0.11018129,0.048859596,0.122589946,0.015028294,0.005294447,0.52670765,150
0.10938637,0.042339005,0.128622,0.01654362,0.005052465,0.5299852,173
0.13373916,0.050883733,0.14668173,0.02151553,0.0050287987,0.5515384,149
0.12657791,0.0531903,0.13971509,0.019520307,0.005111823,0.5004838,162
0.12504739,0.057894323,0.13509727,0.01825127,0.0055644866,0.5761927,153
0.13156457,0.060526304,0.14023069,0.019664643,0.0050043,0.5599965,181
0.12509046,0.05304882,0.1390777,0.019342605,0.0050087757,0.53319335,190
0.11070973,0.061417777,0.12221407,0.0149362795,0.0051494236,0.64578635,169
0.12308889,0.06530924,0.13424768,0.018022439,0.0051878607,0.5820572,156
0.12331331,0.07061945,0.12859274,0.016536092,0.0053282664,0.513701,172
0.08808555,0.041417684,0.11031193,0.012168722,0.0051229503,0.5474013,215
0.098832674,0.040163882,0.126955,0.016117573,0.005070348,0.58470476,302
0.12044183,0.043642975,0.14523603,0.021093505,0.00502147,0.6590069,426
0.13254182,0.070739985,0.14717509,0.021660507,0.0050972775,0.6670143,449
0.12915367,0.06407794,0.14252424,0.020313159,0.0050300565,0.6966932,402
0.1426733,0.06890067,0.1543632,0.023827998,0.005101948,0.60018986,483
0.14553651,0.088568166,0.14816596,0.021953152,0.005012131,0.66378486,488
0.1345009,0.05902309,0.15498446,0.024020184,0.0050306176,0.7098095,354
0.12782975,0.057410218,0.14443168,0.020860512,0.0051070065,0.7035749,394
0.14159544,0.06504507,0.15273014,0.023326494,0.005008758,0.65342516,410
0.106738485,0.044047713,0.13204747,0.017436534,0.0050379504,0.58291966,309
0.122048035,0.04820715,0.14149182,0.020019935,0.005027624,0.61749935,338
0.1195274,0.05080866,0.14327805,0.020528598,0.005014496,0.7027785,332
0.103975214,0.0426186,0.13234724,0.017515793,0.0052212644,0.7319306,385
0.13184096,0.05293227,0.15126936,0.022882419,0.005047334,0.6324141,409
0.13640551,0.06888015,0.14818332,0.021958293,0.005080435,0.6357076,475
0.1293528,0.06807012,0.14007266,0.019620351,0.005023033,0.67060757,442
0.13724568,0.07515202,0.1435812,0.02061556,0.005095565,0.6561854,422
0.19718611,0.15836588,0.16825806,0.028310772,0.0050312816,0.6389802,297
0.22183207,0.18958558,0.18213776,0.03317416,0.005062194,0.70259446,325
0.14434958,0.07835912,0.1519686,0.023094455,0.005032464,0.65083635,433
0.06160629,0.016213462,0.09147903,0.008368413,0.0051674517,0.41347995,122
0.10309997,0.04537293,0.122611076,0.015033475,0.005003087,0.49637768,178
0.1011752,0.044394184,0.11263024,0.012685571,0.0052318857,0.5278562,145
0.107319176,0.058529913,0.116059765,0.013469868,0.005005402,0.570107,146
0.09148708,0.03378474,0.11893534,0.014145615,0.005044238,0.51219434,163
0.09613345,0.04986405,0.119799085,0.014351821,0.00502662,0.5677635,157
0.09672553,0.03771709,0.12085089,0.014604938,0.0050136414,0.54333013,169
0.099101424,0.03848575,0.119488746,0.01427756,0.005021705,0.54468995,160
0.09779777,0.03922114,0.12424203,0.015436081,0.0053645563,0.614909,181
0.09551148,0.044818714,0.11707994,0.013707712,0.0050712745,0.5174225,153
0.08878284,0.03720831,0.10505804,0.01103719,0.0056708776,0.4376508,136
0.09446566,0.038383666,0.11754477,0.013816773,0.0050090803,0.56095773,149
0.10720135,0.04043619,0.12775692,0.016321832,0.0051343986,0.6072575,151
0.08689213,0.031939067,0.11457143,0.013126612,0.0050009447,0.5032817,134
0.082863845,0.025059871,0.11049021,0.012208086,0.0050271857,0.4251752,139
0.08440844,0.029148886,0.10830283,0.011729503,0.005043952,0.46369168,147
0.09394384,0.025729522,0.11895947,0.014151356,0.0050283084,0.4624502,132
0.09141139,0.037468273,0.106197886,0.01127799,0.0051578186,0.46210465,154
0.086368434,0.04051947,0.10073827,0.010148199,0.0059058275,0.411609,126
0.07982651,0.031116258,0.10518089,0.01106302,0.0051220865,0.46683735,174
0.08239928,0.02815737,0.11289505,0.012745293,0.005027825,0.59014416,163
0.08978909,0.0362394,0.11209927,0.012566246,0.005003973,0.5828738,155
0.077333935,0.028518151,0.09940282,0.009880922,0.005101422,0.5266638,158
0.09457029,0.0357644,0.11807508,0.013941724,0.0052937903,0.5238276,150
0.08194768,0.030950382,0.10122216,0.010245925,0.0054049725,0.47549614,170
0.071869545,0.03292998,0.08871449,0.00787026,0.005023442,0.49242005,141
0.088145316,0.033267338,0.10888775,0.011856541,0.005085366,0.51605195,175
0.09185413,0.03463033,0.108799346,0.011837297,0.0050733215,0.4458669,145
0.08646887,0.03041716,0.11302407,0.01277444,0.005080674,0.511815,154
0.1011016,0.040312033,0.12098668,0.014637776,0.0050379154,0.53973645,143
0.10113112,0.042931274,0.11756228,0.013820889,0.0050387806,0.43539765,159
0.10585316,0.040275406,0.12950705,0.016772076,0.0051965523,0.49743444,157
0.08605252,0.026653552,0.11308902,0.012789126,0.005186643,0.48506942,147
0.07993953,0.02960564,0.109542035,0.011999457,0.0050231176,0.5385752,157
0.08327577,0.034415342,0.10673819,0.011393041,0.0050229332,0.50569785,198
0.09586729,0.039561972,0.117982954,0.0139199775,0.0050951643,0.48516884,198
0.091335796,0.036300246,0.11073694,0.012262668,0.005016268,0.5909301,191
0.087239444,0.036776446,0.11049872,0.012209967,0.0052153673,0.632701,183
0.10680025,0.04303526,0.13111132,0.017190179,0.005096541,0.64279425,177
0.09530131,0.0370791,0.12214711,0.014919917,0.005044,0.56863904,192
0.093847185,0.04263385,0.11066883,0.012247589,0.005016986,0.4566747,193
0.07513993,0.03022289,0.10273552,0.010554587,0.0051242304,0.65549064,164
0.06390844,0.025908068,0.08906389,0.007932377,0.005021281,0.5753717,191
0.07737842,0.028212935,0.10620898,0.011280348,0.005002283,0.5771897,294
0.10735175,0.040691026,0.13641164,0.018608136,0.0050500003,0.67330605,318
0.09020098,0.03260806,0.114616655,0.013136978,0.005118481,0.5327819,249
0.1312076,0.060788065,0.15170678,0.02301495,0.0050576255,0.67960095,394
0.100824825,0.035745338,0.11973073,0.014335448,0.005029933,0.5037773,276
0.054971784,0.021146053,0.07376826,0.005441756,0.005019697,0.424917,185
0.08386407,0.028426219,0.10822833,0.011713373,0.005163189,0.5455072,155
0.06740702,0.026406469,0.08549358,0.0073091527,0.00502979,0.35887736,131
0.055037707,0.020564426,0.07305798,0.0053374683,0.005054727,0.39338756,186
0.08217324,0.025107851,0.11470713,0.013157725,0.005072911,0.53229713,263
0.08065655,0.031713832,0.10458017,0.010937012,0.0050399476,0.47741252,229
0.06519855,0.020392403,0.106233336,0.011285521,0.0050096493,0.6582816,180
0.05654106,0.026245853,0.06961488,0.004846231,0.0050292495,0.33736983,169
0.07471944,0.031089425,0.096510515,0.009314279,0.00500622,0.48631918,167
0.089167565,0.041797314,0.10507776,0.011041335,0.0050571417,0.49883577,173
0.115142345,0.058530293,0.12820065,0.016435407,0.005126789,0.5754915,183
0.1251352,0.07057735,0.12997876,0.01689448,0.005038616,0.54838026,220
0.12743202,0.06691408,0.13314316,0.017727101,0.0050775795,0.48203272,199
0.13162851,0.07145646,0.13952573,0.019467428,0.005167782,0.549594,174
0.1129669,0.057193536,0.12142749,0.014744636,0.005045212,0.53362054,171
0.12823787,0.08035347,0.13005665,0.016914733,0.005088174,0.58544177,192
0.13640583,0.085244186,0.14126404,0.019955529,0.005097245,0.71435,205
0.11263744,0.05123873,0.1299157,0.016878087,0.005016448,0.5963197,228
0.12286252,0.067884445,0.123436905,0.015236669,0.005044463,0.5490696,226
0.12672757,0.064927995,0.14296848,0.020439984,0.0050583384,0.59657717,211
0.13316806,0.08369538,0.13672437,0.018693553,0.0050543873,0.5910715,188
0.12065908,0.066982284,0.12637071,0.015969556,0.005191832,0.48562238,198
0.14163451,0.08801394,0.13833104,0.019135477,0.0050647305,0.5354601,181
0.113801144,0.051104113,0.13246773,0.0175477,0.005004135,0.63130176,199
0.12797047,0.05656299,0.14105679,0.01989702,0.0050235167,0.59338105,191
0.14260426,0.10031428,0.14166766,0.020069726,0.0050432757,0.57532203,191
0.13263512,0.06582654,0.1409234,0.019859403,0.005282888,0.554905,159
0.10119728,0.047037456,0.118498236,0.014041832,0.005008786,0.6279686,148
0.10245818,0.044591166,0.12476031,0.015565135,0.0050103497,0.5354633,108
0.05616685,0.020552304,0.08562603,0.007331817,0.0050002504,0.42891282,165
0.047000576,0.017204054,0.07823348,0.0061204773,0.005033209,0.57380813,217
0.059538875,0.01987657,0.09492257,0.009010295,0.005035049,0.49429032,197
0.06345914,0.022010934,0.0953455,0.0090907635,0.0051012384,0.5172141,244
0.051858146,0.020366164,0.077158004,0.005953358,0.005002529,0.46978906,170
0.048858445,0.01791866,0.07666099,0.005876907,0.005069201,0.49084926,149
0.047762565,0.01681276,0.078265004,0.0061254106,0.0051248376,0.48842752,180
0.079667605,0.027220491,0.1083275,0.011734847,0.0050164266,0.62609166,362
0.13324012,0.06284916,0.1483516,0.022008196,0.00505065,0.7074147,566
0.05807859,0.018198516,0.08604311,0.0074034175,0.0050467504,0.34766105,76
0.09096029,0.02966955,0.12470874,0.01555227,0.0051366542,0.60492104,134
0.06262552,0.015753897,0.099510595,0.009902358,0.005004978,0.6727628,131
0.14417906,0.08225349,0.14965951,0.022397969,0.005041232,0.7316311,566
0.06616262,0.023610355,0.09539109,0.00909946,0.0051369,0.6647284,333
0.06844587,0.021439288,0.1005705,0.010114425,0.005040761,0.56637794,301
0.10245957,0.03791783,0.12908688,0.016663423,0.0051629287,0.6457764,461
0.10187985,0.039175797,0.12605782,0.015890574,0.00503803,0.5974587,427
0.15486094,0.09821047,0.15334429,0.023514472,0.005024584,0.6410632,645
0.14625365,0.07852865,0.1564419,0.024474066,0.005069733,0.6966198,609
0.11159015,0.04297041,0.13864692,0.01922297,0.0050576157,0.605233,419
0.067866676,0.02321345,0.10383859,0.010782453,0.0051324056,0.550397,221
0.08920315,0.030534016,0.115745105,0.01339693,0.005005425,0.49841213,171
0.10458784,0.048382327,0.12368672,0.015298405,0.0053464207,0.5227989,176
0.08125689,0.029787803,0.10238371,0.010482425,0.005068454,0.42861602,184
0.08374701,0.035570476,0.10380198,0.010774852,0.005265977,0.54370576,171
0.08835308,0.03184813,0.114663176,0.013147645,0.0050053773,0.6077207,175
0.07270148,0.028776493,0.08942903,0.007997551,0.005187418,0.42448255,191
0.089104444,0.03276018,0.11930767,0.014234319,0.0051938132,0.6699839,210
0.120401904,0.049371563,0.14474389,0.020950792,0.0050180634,0.6995584,408
0.13645528,0.0696491,0.15383767,0.023666028,0.0050443686,0.7659439,465
0.13066818,0.06329356,0.14772117,0.021821545,0.0050372067,0.6371321,459
0.13998362,0.07428549,0.15105073,0.022816325,0.0050684283,0.6446928,486
0.11412068,0.048062876,0.13712321,0.018802775,0.0050148354,0.6361934,334
0.05835347,0.024068812,0.082552806,0.0068149655,0.0050332905,0.45724118,214
0.057525147,0.023932941,0.07875625,0.006202547,0.005047501,0.39722332,191
0.07966501,0.029321324,0.10893869,0.011867637,0.0050181895,0.5591626,159
0.0788174,0.030164097,0.11408667,0.0130157685,0.005057909,0.5451787,202
0.08585169,0.029442158,0.10566816,0.0111657595,0.0050671333,0.54354113,338
0.18467696,0.1515516,0.15705618,0.024666643,0.0050435285,0.57222253,223
0.20146002,0.19150926,0.16613905,0.027602186,0.005020243,0.71640575,280
0.20023502,0.1754092,0.17097479,0.029232377,0.0051014377,0.6805812,366
0.18708356,0.1435595,0.16767132,0.028113673,0.0050582117,0.6578815,456
0.16256855,0.09379973,0.16746746,0.028045353,0.0050380644,0.678972,317
0.13607532,0.06327777,0.14981928,0.022445817,0.005060435,0.68701977,429
0.076830514,0.029231839,0.09832367,0.009667545,0.0051494883,0.5026212,126
0.09878925,0.041340973,0.11418358,0.01303789,0.0050341752,0.48427904,158
0.10347438,0.048825286,0.11816886,0.013963879,0.005275592,0.52027225,162
0.10374382,0.044548646,0.11883506,0.014121773,0.005022399,0.5728425,155
0.09987582,0.03429602,0.121389836,0.014735493,0.0050150384,0.63977695,183
0.10940275,0.03875304,0.13316108,0.017731875,0.005030583,0.56932664,192
0.12222155,0.06711391,0.12834783,0.016473165,0.005042022,0.5907528,188
0.11779785,0.057379268,0.1318586,0.01738669,0.0050777383,0.63557315,185
0.11727737,0.06128121,0.13062713,0.017063446,0.005241623,0.60603,190
0.11398717,0.04748275,0.12931553,0.016722504,0.005270777,0.5168942,152
0.1082245,0.06040605,0.117528446,0.013812935,0.005036475,0.48322126,142
0.11787113,0.051071804,0.13913277,0.019357925,0.005352316,0.6589936,158
0.10994379,0.047819197,0.12764832,0.016294094,0.0053685103,0.533749,162
0.1033737,0.044429775,0.12641151,0.015979871,0.0053038793,0.5429635,153
0.09975942,0.04019876,0.12894982,0.016628057,0.0051598772,0.5806759,152
0.1056014,0.040114477,0.13782185,0.018994862,0.0050984756,0.58611083,142
0.09410761,0.036024466,0.12215528,0.014921913,0.0052650846,0.53211707,158
0.10452508,0.041147497,0.12028647,0.014468836,0.0051093614,0.5437172,147
0.09394337,0.04637996,0.10834701,0.011739076,0.0051122173,0.5305556,162
0.101281166,0.048730176,0.11237008,0.012627035,0.005059169,0.4112362,176
0.107061915,0.048968874,0.12199242,0.01488215,0.0051435544,0.5534625,176
0.090489104,0.045634158,0.10472781,0.010967914,0.0050076423,0.45689118,210
0.10595746,0.057043705,0.11824893,0.01398281,0.0050355317,0.46450454,167
0.106339365,0.054997806,0.113659784,0.012918546,0.0050642523,0.4494784,166
0.11657932,0.06795036,0.116227314,0.013508788,0.0050284504,0.46391174,167
0.12216044,0.075512685,0.12312344,0.015159382,0.005102936,0.6266829,161
0.118931584,0.0727678,0.11599482,0.013454798,0.0051623574,0.4417314,164
0.115483224,0.06662431,0.13107575,0.017180854,0.0050423043,0.5800789,162
0.13662077,0.10295454,0.14669205,0.021518558,0.005080336,0.66061836,169
0.117942326,0.04923254,0.13379626,0.017901441,0.005041213,0.5989385,162
0.11269061,0.052845996,0.12549485,0.015748959,0.0050928365,0.6651121,149
0.10538805,0.041811492,0.12086338,0.014607957,0.0050188834,0.49147055,156
0.12365723,0.06632675,0.13144259,0.017277153,0.0050343866,0.52037776,186
0.12334968,0.05788549,0.13839126,0.019152138,0.0052075977,0.6155846,160
0.12241074,0.062544376,0.1288488,0.016602015,0.0051207594,0.6469578,141
0.11364778,0.051532216,0.12785727,0.01634748,0.005029772,0.49632347,134
0.119183764,0.046035636,0.14261842,0.020340014,0.005082159,0.674369,195
0.11678778,0.054832026,0.13635713,0.018593267,0.0050474145,0.65451497,202
0.106679365,0.06491375,0.111473575,0.012426358,0.00501062,0.5154879,188
0.11323165,0.0774249,0.12023463,0.014456366,0.0050895927,0.598071,197
0.10160972,0.04357485,0.123585545,0.015273387,0.005410282,0.49307963,203
0.114182554,0.052718394,0.1250742,0.015643552,0.0050448123,0.59282744,228
0.115697905,0.06129096,0.1273965,0.016229866,0.005001415,0.64559776,209
0.09550121,0.03975416,0.120551564,0.014532679,0.005399306,0.5807297,189
0.0813698,0.028970433,0.102234505,0.010451893,0.005052301,0.50326204,185
0.07957768,0.032916434,0.09528386,0.009079013,0.0050185523,0.48426092,192
0.08821402,0.03941343,0.106692776,0.011383348,0.0051772255,0.531617,201
0.0799941,0.03425128,0.0977234,0.009549864,0.005047914,0.44059804,155
0.09426809,0.03315858,0.11793104,0.013907731,0.005104638,0.52852094,172
0.10333861,0.043533776,0.12647326,0.015995488,0.005041335,0.62074924,183
0.09306313,0.037438083,0.11554573,0.013350815,0.0050866175,0.5769398,186
0.107024975,0.04712168,0.11703926,0.0136981895,0.0052242787,0.49835137,159
0.10500165,0.03938719,0.12782815,0.016340036,0.005013045,0.6267068,168
0.079326406,0.036740754,0.09095928,0.008273591,0.0050456054,0.54865795,166
0.095787056,0.041769452,0.11192904,0.012528108,0.0051308083,0.5352502,177
0.10625014,0.051093694,0.11794499,0.013911021,0.0052029514,0.54315996,182
0.10278283,0.048144665,0.12121014,0.014691899,0.005225235,0.67277443,163
0.103388354,0.052405156,0.1223714,0.01497476,0.005020009,0.5641953,154
0.1145464,0.056502376,0.12735683,0.016219763,0.0053741955,0.6799174,191
0.12017419,0.08558701,0.115257874,0.013284378,0.005043992,0.5522748,179
0.11829788,0.058762968,0.12604941,0.015888454,0.005231216,0.49720818,211
0.13314936,0.09389047,0.128464,0.016503,0.0050690547,0.6739296,204
0.13268566,0.089140706,0.12576374,0.015816519,0.0051656817,0.55388814,185
0.103820756,0.049052063,0.12214789,0.014920107,0.0050710486,0.55413884,185
0.11156518,0.0572903,0.124927685,0.015606926,0.005035894,0.6306391,176
0.11514995,0.08261096,0.11053442,0.012217859,0.0050326427,0.5028055,160
0.11203579,0.055756833,0.12351362,0.015255613,0.005262062,0.5684033,194
0.12787952,0.065981686,0.13730903,0.018853769,0.005008167,0.5384884,198
0.12202445,0.07040857,0.12649573,0.016001172,0.005136113,0.6066319,213
0.122553386,0.06984725,0.1318069,0.017373057,0.005087789,0.663006,219
0.13491338,0.09453362,0.1323386,0.017513504,0.005160193,0.60842997,200
0.12528512,0.06792446,0.12886046,0.016605018,0.005022824,0.5977456,198
0.102066286,0.04806447,0.11665724,0.013608912,0.00501729,0.4768404,184
0.1255318,0.056199905,0.14667374,0.021513186,0.005029681,0.6523156,178
0.11321786,0.05138434,0.128055,0.016398085,0.0051243636,0.58168656,191
0.12247883,0.062425245,0.1342159,0.018013911,0.0050704945,0.5521323,194
0.12626615,0.070072114,0.13702157,0.01877491,0.0050690253,0.60668224,186
0.120967604,0.0560313,0.13118817,0.017210336,0.00512821,0.5344173,178
0.12169108,0.06318689,0.13019212,0.016949987,0.0051185447,0.52522284,157
0.11586454,0.05842038,0.13602778,0.018503556,0.0050432347,0.66261315,153
0.113493845,0.05995017,0.12354875,0.015264295,0.005382604,0.4894598,159
0.10935489,0.054034054,0.12044839,0.014507813,0.00500332,0.6065093,166
0.11079827,0.06590037,0.1239145,0.015354805,0.0051957993,0.58382297,152
0.11987599,0.06638041,0.12829122,0.016458636,0.005019413,0.5001242,170
0.115646414,0.075941466,0.12693149,0.016111603,0.0050471295,0.59972614,154
0.10466757,0.04685115,0.11397093,0.012989373,0.0050680116,0.5123279,161
0.11645489,0.073935956,0.1186986,0.014089357,0.0052593253,0.7264829,166
0.112719886,0.06535126,0.113649614,0.012916234,0.005044666,0.4878867,152
0.119299516,0.07359122,0.121580206,0.014781746,0.0055032535,0.50908667,155
0.11505197,0.049695946,0.12613325,0.015909597,0.0050363457,0.517587,158
0.11798556,0.0516558,0.12889731,0.016614515,0.005050262,0.6013999,165
0.1191304,0.070506625,0.13266243,0.01759932,0.0053085266,0.66707,147
0.13605295,0.062253963,0.14790893,0.021877052,0.0051682955,0.62354326,131
0.10274797,0.034297347,0.12735905,0.016220326,0.0050424878,0.5843577,129
0.136849,0.057666056,0.1402481,0.01966953,0.005123952,0.50887936,101
0.112866744,0.062032223,0.11626338,0.013517175,0.0053126295,0.43310213,100
0.1233034,0.041553795,0.14706337,0.021627635,0.0051339464,0.62093633,119
0.10041709,0.033107437,0.12687285,0.01609672,0.005067506,0.58280724,140
0.11721635,0.0504072,0.1402184,0.019661201,0.005265137,0.5939875,137
0.112505645,0.050315287,0.13714837,0.018809674,0.005049473,0.61619425,173
0.10834941,0.054025043,0.12683223,0.016086414,0.005030845,0.6019414,183
0.09009662,0.03653454,0.11967728,0.0143226525,0.0050845994,0.54929423,183
0.11399581,0.062127825,0.11931852,0.014236909,0.0050048316,0.47620267,179
0.08830208,0.030062104,0.116582386,0.013591453,0.0050051254,0.5962762,259
0.15041372,0.07873632,0.15964182,0.025485512,0.0050114105,0.6214235,508
0.097487055,0.03616197,0.12131424,0.014717146,0.0050082235,0.5626476,337
0.16522706,0.09555821,0.16600591,0.02755796,0.0050701653,0.6837106,244
0.1604487,0.09803492,0.16386893,0.026853029,0.0050043347,0.6732788,262
0.17399445,0.12501818,0.15714839,0.024695616,0.0051033846,0.70344037,316
0.20212615,0.15027599,0.17893252,0.032016844,0.0050162748,0.65057427,349
0.19168267,0.1519705,0.16970555,0.028799975,0.0051767565,0.6761701,348
0.1852452,0.13752298,0.1710929,0.029272778,0.005005015,0.6571007,325
0.2003707,0.17465092,0.16647388,0.027713552,0.0050739967,0.638357,367
0.18661468,0.15271533,0.16701227,0.027893098,0.0050421944,0.7382077,366
0.20695777,0.16023847,0.17888424,0.03199957,0.0050240722,0.7671195,390
0.2048898,0.16665183,0.17400725,0.030278524,0.0050192648,0.72861725,415
0.21011533,0.1819743,0.17643955,0.031130916,0.0050077257,0.70657015,405
0.19061014,0.13923445,0.17267288,0.029815925,0.0050735604,0.6979495,388
0.15184821,0.09880358,0.15014726,0.0225442,0.0051450073,0.68582296,290
0.121297345,0.05686345,0.1372858,0.01884739,0.005232159,0.6443549,202
0.107800364,0.043498095,0.13905716,0.019336894,0.005151064,0.6233503,211
0.1068775,0.039567553,0.13146755,0.017283717,0.0050449884,0.5336692,286
0.09853086,0.04432981,0.118312106,0.013997755,0.005044257,0.61383575,302
0.1384554,0.06813237,0.15605952,0.024354571,0.0050640632,0.67983073,472
0.07989684,0.030986829,0.11023064,0.012150793,0.005056115,0.56333065,235
0.08429372,0.028977746,0.11540685,0.013318741,0.0050611887,0.52757543,227
0.0766545,0.032429498,0.10754769,0.011566506,0.005044194,0.63488066,176
0.07749335,0.034050323,0.100506745,0.010101605,0.0050256536,0.5531166,279
0.14801511,0.08784362,0.15146413,0.022941384,0.0050414167,0.6820924,588
0.14168873,0.076476134,0.1488274,0.022149595,0.005003823,0.67043334,607
0.11153397,0.049616236,0.13111128,0.017190166,0.00520051,0.51861703,306
0.11254934,0.043097526,0.13835286,0.019141512,0.0050100214,0.74470294,298
0.13890176,0.07672976,0.14886564,0.02216098,0.005048138,0.62042344,440
0.1524515,0.090009674,0.15383293,0.023664571,0.005010112,0.7159615,589
0.1508474,0.086988516,0.15482348,0.02397031,0.0050336146,0.7221099,685
0.15555401,0.08684243,0.16299538,0.026567493,0.0050025648,0.66518223,670
0.1474193,0.090285406,0.15139487,0.02292041,0.0050567803,0.7365549,710
0.1546757,0.089965805,0.15555535,0.024197467,0.0050087427,0.6577916,705
0.13834609,0.08067085,0.1411829,0.01993261,0.005003085,0.7606937,569
0.12418923,0.0565061,0.14045672,0.019728089,0.005134556,0.63515043,405
0.09863745,0.043037552,0.12193601,0.01486839,0.005039704,0.5659086,207
0.08671416,0.031251613,0.11268128,0.012697071,0.005007174,0.4770776,139
0.1219,0.058264107,0.13155916,0.017307814,0.0051646857,0.50777864,395
0.12921861,0.063645564,0.14032915,0.019692272,0.005006743,0.64078355,525
0.11453003,0.054684423,0.13160598,0.017320134,0.0050267377,0.6922727,309
0.078952044,0.022635803,0.11090542,0.012300011,0.005038591,0.43981725,116
0.095831275,0.047368445,0.11088222,0.012294867,0.0050446615,0.5160007,267
0.07967606,0.038749203,0.0892206,0.007960315,0.0051646205,0.3263558,149
0.1418514,0.068232656,0.15577738,0.024266593,0.0050138985,0.6975517,574
0.1587661,0.11062759,0.15328342,0.023495808,0.005003751,0.68367046,687
0.16733669,0.11656003,0.15978003,0.025529658,0.0050733145,0.74592096,745
0.11491091,0.049674504,0.13531749,0.018310824,0.0050314907,0.630844,406
0.10830218,0.059130043,0.11912823,0.014191534,0.0050075003,0.578171,302
0.11396224,0.05585557,0.13015255,0.016939688,0.005039674,0.5815773,225
0.19606946,0.1772431,0.15920974,0.025347741,0.005016746,0.6606641,278
0.18099917,0.13671471,0.1599455,0.025582563,0.005149047,0.6704405,391
0.19242437,0.16173892,0.17061733,0.029110273,0.005000021,0.6822858,387
0.18948084,0.14198373,0.17068361,0.029132893,0.005252597,0.6947877,376
0.19339931,0.15103015,0.17343958,0.030081289,0.0050117676,0.72112924,405
0.19378087,0.13672604,0.1767008,0.031223172,0.005017461,0.6830995,415
