mean_score,median_score,std_score,var_score,min_score,max_score,ip_count,is_non_csnp,is_artefact
0.11998447,0.06645346,0.12799463,0.016382625,0.0050263326,0.5717691,301,False,False
0.1197222,0.069573104,0.13037765,0.01699833,0.005231416,0.7035481,335,False,False
0.13072538,0.07136355,0.14073168,0.019805405,0.0050969413,0.61166656,307,False,False
0.12202064,0.06364526,0.12772916,0.016314737,0.005080731,0.56396246,288,False,False
0.13456483,0.08836428,0.13426088,0.018025983,0.0050109383,0.65351146,242,False,False
0.12450414,0.05965592,0.13608557,0.01851928,0.0051475433,0.6035334,274,False,True
0.13804403,0.08391952,0.1401839,0.019651523,0.005043179,0.65315294,294,False,False
0.12988877,0.06948406,0.13805977,0.0190605,0.005058211,0.6811162,293,False,False
0.1261218,0.0728433,0.1269756,0.016122801,0.005198695,0.59780985,276,False,False
0.12926912,0.091524236,0.130619,0.017061325,0.0050394568,0.58494633,279,False,False
0.111883275,0.05944625,0.12446201,0.015490792,0.0050330386,0.5891924,277,False,False
0.11914417,0.060549136,0.12955585,0.016784718,0.005046954,0.52636254,273,False,False
0.1277431,0.06506302,0.13505785,0.018240623,0.0050814487,0.5850038,281,False,False
0.13981327,0.06789444,0.14939345,0.022318404,0.005014218,0.6246959,267,False,False
0.13452075,0.080288015,0.14456487,0.020899002,0.005105865,0.59121025,256,False,False
0.118323036,0.056908447,0.13321017,0.017744947,0.0052412865,0.67855066,266,False,False
0.12975952,0.057306126,0.14034377,0.019696375,0.005058732,0.6078693,288,False,False
0.13127728,0.07850227,0.13409199,0.017980663,0.0050074207,0.58823586,273,False,False
0.10694365,0.049082477,0.12302426,0.01513497,0.005068783,0.64649624,277,False,False
0.1246478,0.080872685,0.1231166,0.015157696,0.0050060395,0.5524703,269,False,False
0.11957712,0.05742211,0.13199593,0.017422928,0.0051437784,0.69254273,293,False,False
0.13317586,0.08408852,0.13359936,0.017848786,0.0050574797,0.57370114,273,False,False
0.14397869,0.08756359,0.14430211,0.020823102,0.0050270613,0.5988909,261,False,False
0.13880712,0.09779626,0.13920175,0.019377125,0.0052857557,0.69361514,281,False,False
0.1281646,0.067473605,0.13513969,0.018262736,0.005170617,0.54389197,264,False,False
0.1076106,0.05189123,0.12600546,0.015877375,0.0050061555,0.64498127,271,False,False
0.10719859,0.0598896,0.116693944,0.013617476,0.005039422,0.58754355,338,False,False
0.11919488,0.056010365,0.1346749,0.018137332,0.0050034435,0.5822979,269,False,False
0.13630426,0.07753723,0.1384977,0.019181613,0.0050130035,0.54684836,243,False,False
0.122987054,0.066321336,0.1283983,0.016486125,0.0050818515,0.5480804,249,False,False
0.12940608,0.060217496,0.1378012,0.018989172,0.00500021,0.5466932,241,False,False
0.12522885,0.07444461,0.12594464,0.015862055,0.0050240546,0.50707906,281,False,False
0.13460623,0.073000684,0.14373443,0.020659586,0.005086645,0.56487626,281,False,False
0.13879384,0.07507553,0.14340088,0.020563813,0.0050302516,0.62113583,287,False,False
0.1278581,0.06390726,0.1399016,0.019572455,0.0050067515,0.6075884,266,False,False
0.1309933,0.059224598,0.14688559,0.021575378,0.0050024274,0.5787576,288,False,False
0.14043975,0.07137774,0.15627545,0.024422016,0.0050480138,0.69225436,239,False,False
0.13893846,0.08237666,0.14315352,0.020492928,0.0050489474,0.5998053,260,False,False
0.13154411,0.052260395,0.14077097,0.019816468,0.0050154827,0.6238192,276,False,False
0.12290464,0.06066544,0.12866507,0.0165547,0.005007781,0.50456244,266,False,False
0.12619308,0.06552846,0.12825711,0.016449885,0.0050066174,0.538209,250,False,False
0.11647185,0.049940288,0.13321075,0.017745102,0.00515357,0.5606006,270,False,False
0.12787595,0.08016528,0.13030867,0.01698035,0.0050170547,0.54119384,283,False,False
0.12146751,0.071158126,0.12949523,0.016769014,0.00503595,0.59465384,291,False,False
0.13184181,0.07789907,0.13241333,0.01753329,0.00506864,0.63192856,291,False,False
0.12585932,0.073250376,0.13299744,0.017688317,0.005066885,0.6085763,307,False,False
0.12703629,0.07394923,0.1336131,0.01785246,0.005065051,0.51797634,268,False,False
0.1332531,0.08412027,0.13343795,0.017805684,0.0050074994,0.53957236,265,False,False
0.1315949,0.07056697,0.13670287,0.018687675,0.00502445,0.48759535,279,False,False
0.123177506,0.06205027,0.13660008,0.018659582,0.0050642164,0.6671033,291,False,False
0.13297157,0.0727946,0.13708039,0.018791033,0.0051553478,0.5739321,290,False,False
0.13536082,0.08495698,0.13364768,0.017861702,0.0050247395,0.5810067,278,False,False
0.12649637,0.05739328,0.13551293,0.018363753,0.005093897,0.6077331,272,False,False
0.11861143,0.0655536,0.1275024,0.01625686,0.005030702,0.57255775,266,False,True
0.12299183,0.07522769,0.1290237,0.016647117,0.0050514136,0.62096304,288,False,False
0.124923475,0.07176346,0.13206929,0.017442295,0.0050066723,0.61028624,297,False,False
0.11688501,0.064523116,0.12461706,0.015529412,0.0050002444,0.5918054,304,False,False
0.1325507,0.07540935,0.13664882,0.0186729,0.0050279847,0.5994297,280,False,False
0.12609725,0.065159604,0.13298008,0.0176837,0.0053749904,0.50512135,260,False,False
0.12804168,0.07111898,0.13375774,0.017891135,0.0051824106,0.576885,274,False,False
0.12071195,0.061447054,0.1285812,0.016533125,0.005026507,0.5596202,265,False,False
0.14002733,0.08598376,0.14771529,0.021819808,0.005322985,0.68227065,266,False,False
0.13193275,0.07249068,0.1380728,0.0190641,0.0050170813,0.61140263,268,False,False
0.14753988,0.09120292,0.15048885,0.022646893,0.005060151,0.6573047,259,False,False
0.13124678,0.088400364,0.13037445,0.016997496,0.005185907,0.6255819,258,False,False
0.14001521,0.075735845,0.15177353,0.023035202,0.0051276158,0.7126121,283,False,False
0.14264342,0.08886653,0.14821845,0.02196871,0.005021301,0.6742575,304,False,False
0.13230722,0.079048224,0.13566355,0.0184046,0.0050306395,0.59201527,298,False,False
0.14672461,0.10050321,0.14788026,0.02186857,0.0053823595,0.6820301,279,False,False
0.1351858,0.082193986,0.14144965,0.020008003,0.005029875,0.6078022,262,False,False
0.1499433,0.088569306,0.15582208,0.024280524,0.0051376554,0.6900771,285,False,False
0.1383166,0.07772209,0.14591017,0.021289779,0.0050476585,0.7195357,311,False,False
0.13376175,0.07962661,0.14209542,0.020191107,0.0050357594,0.61779827,321,False,False
0.14293596,0.08531312,0.14872722,0.022119787,0.0050216764,0.61109567,279,False,False
0.13164468,0.07142161,0.14105353,0.0198961,0.0050113807,0.6075167,280,False,False
0.13867052,0.0864854,0.13672577,0.018693935,0.005012993,0.5330306,276,False,False
0.13233827,0.08154267,0.14049673,0.01973933,0.00508879,0.70452666,277,False,False
0.13662186,0.06967933,0.148364,0.022011872,0.0050382367,0.5884892,252,False,False
0.13599317,0.094277054,0.13529356,0.018304348,0.0050243842,0.5980839,256,False,False
0.13036413,0.0756921,0.1306509,0.017069656,0.005252427,0.5021055,244,False,False
0.13939562,0.08884913,0.13871601,0.01924213,0.0050367913,0.6350407,244,False,False
0.11458483,0.059298024,0.12554319,0.015761094,0.0051152995,0.61615247,241,False,False
0.12388248,0.06796084,0.13258481,0.017578732,0.005062765,0.6278198,262,False,False
0.1295056,0.083324865,0.12684594,0.016089892,0.00500696,0.5739695,242,False,False
0.14173469,0.09253383,0.13726053,0.01884045,0.0051445914,0.6516105,252,False,False
0.1348124,0.088427596,0.13761453,0.01893776,0.005006047,0.6694943,282,False,False
0.14314115,0.08280674,0.14091948,0.019858297,0.0050348053,0.5630233,263,False,False
0.13651723,0.07939979,0.13961728,0.019492986,0.005170457,0.63331103,275,False,False
0.131447,0.06457015,0.1456393,0.021210806,0.005171862,0.73892415,255,False,False
0.114638604,0.054942675,0.13121323,0.017216913,0.0051805177,0.674641,252,False,False
0.12468982,0.06645515,0.13724577,0.018836403,0.005185832,0.5860336,231,False,False
0.12266905,0.07091375,0.13834515,0.019139381,0.005363979,0.60683775,240,False,False
0.11492807,0.06651783,0.13255121,0.017569821,0.005009544,0.64977264,277,False,False
0.114475906,0.06402418,0.12584661,0.01583737,0.005135338,0.65488756,290,False,False
0.1152792,0.058222383,0.13132384,0.017245952,0.0050662863,0.7512113,292,False,False
0.11867127,0.062201478,0.13084008,0.017119126,0.005006508,0.5700295,305,False,False
0.12757497,0.06889514,0.13002281,0.016905932,0.005000621,0.5303975,265,False,False
0.13077214,0.073055476,0.13703509,0.018778617,0.0050682,0.54252446,268,False,False
0.11675356,0.05701794,0.13643688,0.01861502,0.0050130486,0.66247934,277,False,False
0.1189512,0.06561878,0.12854394,0.016523546,0.005097031,0.5480657,267,False,False
0.124173276,0.05921199,0.13693078,0.018750036,0.005004878,0.53240395,268,False,False
0.1211355,0.06769364,0.13342653,0.01780264,0.0050033713,0.60265094,277,False,False
0.13007997,0.06700098,0.13437805,0.018057458,0.0050874352,0.5816319,266,False,False
0.13619833,0.07328768,0.13827688,0.019120496,0.0050188024,0.54944664,293,False,False
0.12278541,0.057851322,0.13897212,0.019313252,0.0050089,0.6087204,296,False,False
0.112019226,0.060043808,0.1264529,0.015990334,0.0050320625,0.56663114,292,False,False
0.10477474,0.046171375,0.121518955,0.014766857,0.0050717476,0.537576,282,False,False
0.11291147,0.049154405,0.1307978,0.017108066,0.0050191437,0.5769747,278,False,False
0.1289075,0.068472885,0.13780561,0.018990388,0.005013898,0.6172304,297,False,False
0.1447904,0.098653875,0.1375321,0.018915078,0.005030964,0.5574177,292,False,False
0.13110709,0.09559112,0.12949072,0.016767845,0.005057609,0.6524428,299,False,False
0.13032204,0.07125656,0.13422035,0.0180151,0.0050448156,0.5315056,274,False,False
0.13328253,0.07195298,0.13615642,0.018538574,0.0050271135,0.5953668,292,False,False
0.1280733,0.06436242,0.13927265,0.019396871,0.0050165076,0.6422788,275,False,False
0.14429729,0.09226371,0.14279474,0.020390337,0.005040806,0.58363324,242,False,False
0.123098046,0.06679186,0.13254938,0.017569337,0.0050175246,0.5993048,242,False,True
0.12673707,0.066738695,0.13829724,0.019126127,0.005035571,0.5958843,249,False,False
0.13173246,0.06710995,0.14321591,0.020510798,0.0050155898,0.6032878,245,False,False
0.13415906,0.07306658,0.14209668,0.020191466,0.0050156824,0.5572092,248,False,False
0.12911677,0.06559647,0.13916042,0.019365624,0.0050449576,0.57406497,253,False,False
0.1308849,0.08201718,0.13567841,0.018408632,0.005017661,0.6815387,266,False,False
0.1338938,0.08448409,0.13654605,0.01864482,0.005020756,0.6089592,268,False,False
0.13295488,0.0804962,0.14183626,0.020117523,0.0050945682,0.57139474,288,False,False
0.11055491,0.06542522,0.1125781,0.012673829,0.005087455,0.619198,289,False,False
0.1231787,0.06928441,0.13203017,0.017431965,0.0050908863,0.54931635,282,False,False
0.1192495,0.06304223,0.13190538,0.01739903,0.005289502,0.65489745,281,False,False
0.120251104,0.055621777,0.13341624,0.017799893,0.0050473073,0.6124265,274,False,False
0.10817223,0.04995565,0.12408111,0.015396123,0.0050317124,0.5285522,291,False,False
0.112141035,0.05105782,0.1196974,0.014327467,0.0050379797,0.5127967,303,False,False
0.11179137,0.05091597,0.12529421,0.01569864,0.005194192,0.56284606,274,False,False
0.10868329,0.052135333,0.12107445,0.014659023,0.005103185,0.50915563,302,False,False
0.13147584,0.079267465,0.1359289,0.018476665,0.0052781394,0.6673973,287,False,False
0.11932993,0.06989583,0.12677786,0.016072623,0.0050888043,0.6513055,299,False,False
0.12961265,0.06308316,0.1347843,0.018166805,0.005010303,0.5826291,302,False,False
0.11558887,0.058875084,0.12888587,0.016611565,0.005059333,0.56728953,325,False,False
0.120184176,0.058499873,0.13465542,0.01813208,0.005160799,0.6740161,291,False,False
0.12702186,0.06446339,0.13766608,0.018951949,0.005016671,0.6521287,281,False,False
0.12457127,0.06804736,0.13631774,0.018582528,0.00513475,0.7314514,335,False,False
0.11481747,0.059253387,0.12437381,0.015468845,0.005006427,0.5908738,308,False,False
0.12653315,0.060208183,0.13439426,0.018061817,0.005059815,0.54295075,294,False,False
0.12335547,0.068227425,0.13386187,0.017918998,0.0050637773,0.5939091,282,False,False
0.1258644,0.05903717,0.1376321,0.018942596,0.005004077,0.60613805,288,False,False
0.12412017,0.06372762,0.13121454,0.017217258,0.0050743097,0.5657539,271,False,False
0.116668195,0.0624482,0.1228521,0.015092639,0.0050621717,0.5135128,285,False,False
0.12618658,0.05688574,0.13968246,0.019511187,0.00504606,0.60949826,304,False,False
0.13029727,0.07436564,0.13470279,0.01814484,0.0050013443,0.5774132,306,False,False
0.1366906,0.07823348,0.14534104,0.021124016,0.005050836,0.6272904,299,False,False
0.12663923,0.07208178,0.13431941,0.018041706,0.0050602015,0.68288493,308,False,False
0.12288185,0.051597044,0.13831343,0.019130602,0.0050276984,0.700172,300,False,False
0.12926522,0.0783026,0.13309371,0.017713938,0.0052391477,0.52722996,301,False,False
0.13673171,0.090005994,0.14036691,0.019702869,0.0050577256,0.63474864,263,False,False
0.10993344,0.05408454,0.12460216,0.015525698,0.0050093858,0.534308,251,False,False
0.11653983,0.051537085,0.13176084,0.017360916,0.0050062276,0.639059,267,False,False
0.097149014,0.031157264,0.11924909,0.014220346,0.0050390973,0.49228388,189,False,False
0.10471076,0.041948933,0.13030584,0.016979612,0.0050927796,0.64803296,209,False,False
0.12198155,0.052110076,0.14242353,0.02028446,0.0050191614,0.662406,214,False,False
0.10723785,0.04904806,0.12835436,0.016474841,0.005028608,0.6211402,220,False,False
0.10860911,0.04017223,0.12634863,0.015963975,0.0050553684,0.56199497,221,False,False
0.10071888,0.044448763,0.11502385,0.013230486,0.005020177,0.52541316,212,False,False
0.08932981,0.037761662,0.11186877,0.012514622,0.005010497,0.54333264,218,False,False
0.093406916,0.030589748,0.11852939,0.014049215,0.005305946,0.5923146,213,False,False
0.091942646,0.0278872,0.108436875,0.011758557,0.005098022,0.4711241,207,False,False
0.09095405,0.040227294,0.1133647,0.012851554,0.005028508,0.55312127,230,False,False
0.091047354,0.0365462,0.108310275,0.011731116,0.005103338,0.54629415,209,False,False
0.08458075,0.03601661,0.10217122,0.010438958,0.0052860947,0.46611044,254,False,False
0.08608465,0.033870775,0.10891444,0.011862355,0.005047597,0.51850504,259,False,False
0.079057,0.02612867,0.10960179,0.012012552,0.0050816867,0.6415529,245,False,False
0.08981904,0.03397466,0.11641963,0.013553529,0.005003068,0.55671,240,False,False
0.11969036,0.060750123,0.12883982,0.0165997,0.0050672144,0.6140138,273,False,False
0.117913246,0.056160115,0.13242166,0.017535495,0.0050050546,0.5786298,267,False,False
0.12867144,0.0964736,0.12847553,0.016505964,0.005060867,0.6663013,281,False,False
0.13239118,0.06815927,0.14391057,0.020710252,0.005024452,0.60813594,256,False,False
0.13752514,0.08324873,0.14231336,0.020253094,0.0050017177,0.60737914,315,False,False
0.12647769,0.06479539,0.13521013,0.01828178,0.005044328,0.62052846,282,False,False
0.112325035,0.062472295,0.1243528,0.015463619,0.005109815,0.6295654,303,False,False
0.13086854,0.07523606,0.14254658,0.020319529,0.005117387,0.7895994,310,False,False
0.1417074,0.07684451,0.14251357,0.020310117,0.0050176377,0.564831,285,False,False
0.12758951,0.071161985,0.13322873,0.017749894,0.005095383,0.5440311,311,False,False
0.112519644,0.06456069,0.12288686,0.01510118,0.005074437,0.5184808,300,False,False
0.10489436,0.045553885,0.11657834,0.013590509,0.005144364,0.50597614,262,False,False
0.10617454,0.055907324,0.12090046,0.014616922,0.0050925934,0.48972985,203,False,False
0.0929046,0.04110461,0.11178493,0.012495871,0.005026638,0.5114313,188,False,False
0.095634945,0.041946158,0.118196405,0.01397039,0.00502557,0.64306194,214,False,False
0.09425818,0.034255408,0.122780584,0.015075072,0.005051044,0.55528057,224,False,False
0.10332571,0.048651308,0.116369426,0.013541843,0.0050397487,0.45995253,218,False,True
0.09507755,0.04145156,0.11052619,0.012216038,0.0050932365,0.48366174,226,False,False
0.10673662,0.054371383,0.117071375,0.013705706,0.0050125984,0.6173277,254,False,False
0.119860195,0.070074014,0.12256867,0.015023079,0.005012937,0.519132,274,False,False
0.105728894,0.059185565,0.11743613,0.013791245,0.0051043523,0.5736319,260,False,False
0.12090611,0.063442536,0.12921357,0.016696146,0.005006793,0.5198069,269,False,False
0.12197906,0.06781128,0.12926856,0.016710361,0.005113162,0.6238532,284,False,False
0.1313596,0.07384084,0.13534145,0.01831731,0.0050960463,0.5825483,305,False,False
0.13752173,0.07108398,0.14783314,0.021854639,0.0050786776,0.687737,274,False,False
0.10694869,0.046347953,0.12877212,0.016582262,0.0050247638,0.6203123,255,False,False
0.116294116,0.063400954,0.12453529,0.015509039,0.005019677,0.57007986,248,False,False
0.095848516,0.048533034,0.11034586,0.012176209,0.0050046053,0.56388175,252,False,False
0.08126476,0.025989769,0.1060802,0.011253009,0.0050766757,0.59279186,225,False,False
0.08632091,0.03765487,0.11356267,0.01289648,0.005034727,0.6382749,230,False,False
0.098039165,0.035464473,0.12446216,0.015490829,0.0050104004,0.581101,214,False,False
0.10863872,0.0430884,0.124707475,0.015551954,0.005147621,0.5740467,257,False,False
0.091292195,0.03157951,0.11845917,0.014032575,0.005097138,0.5101402,246,False,False
0.089116536,0.037549045,0.103595115,0.010731948,0.005009231,0.46722433,214,False,False
0.0820306,0.030032858,0.10742363,0.011539836,0.0050546667,0.46058998,224,False,False
0.088881195,0.03754664,0.10678697,0.011403455,0.005026112,0.52054626,223,False,False
0.090059154,0.04419052,0.10444036,0.010907789,0.005005835,0.4515762,215,False,False
0.07696596,0.023230966,0.10395456,0.01080655,0.005075214,0.47454962,232,False,False
0.08090962,0.033604108,0.09573098,0.009164421,0.0050247526,0.392358,234,False,False
0.08180012,0.03497144,0.09870034,0.009741757,0.0051028985,0.47501993,217,False,False
0.08304202,0.029348958,0.10416021,0.010849349,0.005018191,0.5487685,214,False,False
0.08847597,0.036808707,0.10202609,0.010409323,0.0050055454,0.55001813,221,False,False
0.080257595,0.03060539,0.099700384,0.009940167,0.005454571,0.50064063,244,False,False
0.092890866,0.038278144,0.10680406,0.011407107,0.005018206,0.49515215,216,False,False
0.08487091,0.028624555,0.1145226,0.013115426,0.005007108,0.5342766,196,False,False
0.08826832,0.033153743,0.11465156,0.01314498,0.0050630257,0.6148157,203,False,False
0.116432555,0.049936824,0.13772321,0.01896768,0.005161692,0.59377664,208,False,False
0.09921626,0.035802208,0.1284777,0.01650652,0.0050347517,0.69303226,205,False,False
0.1060916,0.045619275,0.123545356,0.015263455,0.005075853,0.5881293,230,False,False
0.1004832,0.04014483,0.122007206,0.014885758,0.005018241,0.64189154,287,False,False
0.107781194,0.05288624,0.120957986,0.014630834,0.0050304052,0.5616459,268,False,False
0.11646274,0.06455287,0.12784138,0.01634342,0.0050178342,0.6845296,251,False,False
0.11754802,0.068827376,0.1262544,0.01594017,0.005024098,0.5891634,260,False,False
0.118118286,0.059515268,0.1296508,0.016809331,0.005027179,0.5857182,302,False,False
0.116081975,0.06229916,0.12097558,0.01463509,0.005211403,0.5825229,289,False,False
0.11059199,0.059396733,0.12412793,0.015407744,0.005056813,0.5947089,318,False,False
0.10055244,0.045271453,0.11325331,0.012826312,0.005026207,0.51898295,351,False,False
0.107147045,0.052983794,0.11546649,0.01333251,0.00503202,0.5277063,313,False,False
0.10440874,0.06011576,0.11603897,0.013465042,0.0052871904,0.644172,313,False,False
0.10401407,0.046558343,0.11573983,0.013395708,0.0051894574,0.5502456,292,False,False
0.107618995,0.058489338,0.11695343,0.013678105,0.0050582015,0.57910794,307,False,True
0.11562903,0.04856828,0.12999284,0.016898138,0.005107937,0.61130136,287,False,False
0.10899412,0.050868444,0.12915777,0.016681729,0.0050762915,0.68704164,274,False,False
0.11045489,0.04471475,0.13140963,0.01726849,0.0051149433,0.6996881,262,False,False
0.110361904,0.055033427,0.121382035,0.014733599,0.0050507286,0.5804343,228,False,False
0.093795344,0.04050158,0.10697466,0.011443579,0.005015052,0.48880884,212,False,False
0.09281243,0.0360388,0.11673167,0.013626283,0.0052744765,0.54338235,186,False,False
0.100046255,0.033973243,0.1291468,0.016678896,0.005083344,0.63701636,163,False,False
0.10387891,0.048364297,0.11863316,0.014073826,0.0050755483,0.53136754,168,False,False
0.1083654,0.05254206,0.11833984,0.014004316,0.005081986,0.54435164,219,False,False
0.11004537,0.043837093,0.12997481,0.016893452,0.0050738556,0.62114024,253,False,False
0.12239865,0.0606307,0.13192312,0.017403712,0.0051836073,0.63047695,250,False,False
0.10745757,0.053672764,0.119426064,0.014262585,0.005023557,0.57505167,271,False,False
0.120090745,0.060934894,0.13310018,0.017715657,0.0050166044,0.64127886,277,False,False
0.11636006,0.047590893,0.13486731,0.01818919,0.005025837,0.6637883,297,False,False
0.114201136,0.052360043,0.13071713,0.017086966,0.0051815286,0.73012125,266,False,False
0.10613402,0.05069702,0.12293121,0.015112083,0.0050036567,0.5973641,255,False,False
0.11663648,0.050259784,0.13624124,0.018561678,0.005372378,0.5665228,211,False,False
0.088997036,0.031589605,0.110181615,0.012139988,0.005088551,0.58779854,245,False,False
0.07886227,0.03929063,0.089760505,0.008056948,0.0051073586,0.4339801,202,False,False
0.08832073,0.029244918,0.11648133,0.0135679,0.0051110433,0.6329341,216,False,False
0.087715216,0.042493023,0.09976097,0.009952252,0.0050644022,0.46763042,216,False,False
0.07751813,0.030907223,0.098647185,0.009731267,0.0050133113,0.48562965,217,False,False
0.08107159,0.031127444,0.099208616,0.009842349,0.005036952,0.4804329,203,False,False
0.083898425,0.031999134,0.10828331,0.011725275,0.005080781,0.50994235,196,False,False
0.07997291,0.03336142,0.105861045,0.011206562,0.0050518066,0.48612636,218,False,False
0.08079308,0.025785182,0.112518996,0.012660524,0.0050213365,0.6550037,237,False,False
0.08964705,0.040337414,0.109254435,0.011936531,0.0051869834,0.49304166,218,False,False
0.07858308,0.028992308,0.10464735,0.010951068,0.005024229,0.55122304,241,False,False
0.08193288,0.031372752,0.10614253,0.011266236,0.0050160885,0.52906585,221,False,False
0.07916207,0.027239537,0.10166635,0.010336048,0.00507702,0.5509948,261,False,False
0.07886346,0.030488975,0.10269753,0.010546783,0.005124501,0.48228478,256,False,False
0.096271165,0.039269604,0.11544276,0.013327031,0.00502453,0.5124882,253,False,False
0.09301728,0.03611339,0.121105276,0.014666488,0.005075299,0.67580056,291,False,False
0.08840313,0.036207493,0.11203925,0.012552794,0.005082487,0.603975,263,False,False
0.08222983,0.030292094,0.10609184,0.011255479,0.0050921454,0.57058394,250,False,False
0.083796404,0.036247905,0.10934834,0.011957061,0.005056008,0.62544763,233,False,False
0.081374824,0.029459067,0.099165484,0.009833793,0.005047512,0.5526836,243,False,False
0.07051584,0.02661548,0.08989463,0.008081044,0.0050078565,0.46554852,239,False,False
0.06641482,0.02507921,0.08869309,0.007866465,0.0050238096,0.46853587,212,False,False
0.08385834,0.032238312,0.10940075,0.011968523,0.0050316714,0.5340924,219,False,False
0.092652336,0.03233625,0.11697784,0.013683815,0.0050959154,0.5136396,232,False,False
0.10201028,0.047594048,0.122194275,0.014931441,0.0050044996,0.69640565,243,False,False
0.08118099,0.02785793,0.107042365,0.011458068,0.0051159086,0.5108618,258,False,False
0.09396583,0.03707411,0.115193635,0.013269573,0.005016821,0.5665456,254,False,False
0.10429233,0.05086012,0.1168802,0.013660981,0.005005185,0.49013054,266,False,False
0.10549898,0.04796719,0.12301981,0.015133874,0.0050450214,0.6674539,301,False,False
0.10781311,0.05562417,0.118746385,0.014100704,0.005101132,0.5555976,271,False,True
0.10196147,0.04689287,0.1205588,0.014534424,0.00500716,0.55220896,281,False,False
0.09513493,0.03883682,0.11458216,0.013129071,0.0051092743,0.6249058,258,False,False
0.0941984,0.039225437,0.11509417,0.013246668,0.0051588495,0.6075826,305,False,False
0.09125156,0.036864348,0.11440944,0.01308952,0.0050369333,0.5644978,304,False,False
0.08974473,0.04560241,0.10094842,0.010190584,0.005029034,0.42323485,280,False,False
0.09068075,0.042922553,0.10751697,0.011559898,0.005099711,0.4740281,316,False,False
0.09254665,0.04114586,0.112906784,0.0127479425,0.0050980644,0.59676546,308,False,False
0.096013434,0.049650934,0.10830079,0.011729062,0.005119061,0.56029993,290,False,False
0.09985855,0.040409982,0.116427265,0.013555309,0.00509837,0.50254804,270,False,False
0.10395779,0.043125693,0.122175045,0.014926742,0.005039631,0.52656966,266,False,False
0.09967209,0.04346009,0.11689229,0.013663809,0.005002277,0.4832242,275,False,False
0.10505419,0.05288739,0.11757601,0.013824118,0.0051551396,0.59255415,273,False,False
0.102432,0.04738466,0.122812495,0.01508291,0.005025631,0.54803145,255,False,False
0.104744814,0.04199081,0.12702449,0.01613522,0.0050581344,0.54497063,254,False,False
0.10834349,0.047541153,0.12134723,0.014725151,0.0052469927,0.48452073,223,False,False
0.09149971,0.03503287,0.120769456,0.014585262,0.005009724,0.5995589,200,False,False
0.110795274,0.052112814,0.12698293,0.016124662,0.005362526,0.6069936,191,False,False
0.103413455,0.048955884,0.1119531,0.012533497,0.0050136503,0.45629498,213,False,False
0.09578102,0.047943678,0.10551662,0.0111337565,0.005019447,0.4540504,212,False,False
0.095401116,0.043097906,0.11546203,0.013331479,0.005058495,0.5356196,238,False,False
0.09653172,0.04544702,0.11064742,0.012242851,0.005020399,0.49940813,247,False,False
0.09429988,0.047712047,0.11225796,0.012601849,0.005046962,0.6863979,253,False,False
0.11347361,0.0566163,0.1299297,0.01688173,0.0050940844,0.60200477,300,False,False
0.099038325,0.04170105,0.11404738,0.0130068045,0.0051112967,0.48056027,308,False,False
0.094120786,0.043218814,0.110608466,0.012234232,0.0050284564,0.5003347,316,False,False
0.11572597,0.06364247,0.13208392,0.017446164,0.0051457454,0.73409444,283,False,False
0.10035527,0.05192262,0.11488603,0.013198799,0.0050181122,0.58673954,276,False,False
0.09162893,0.036630988,0.114991106,0.013222955,0.005011852,0.5007556,201,False,False
0.09044521,0.04148358,0.107921,0.011646942,0.005001921,0.613089,257,False,False
0.096552804,0.0377763,0.123762585,0.015317177,0.0050897286,0.692323,276,False,False
0.087108314,0.035423413,0.10641762,0.011324709,0.0050550634,0.47925538,228,False,False
0.08508916,0.033673275,0.11005008,0.01211102,0.0050115874,0.6164302,235,False,False
0.092741325,0.02982624,0.121098496,0.014664846,0.0050886325,0.5671487,193,False,False
0.08427994,0.02997233,0.10626586,0.011292432,0.00504483,0.5187939,207,False,False
0.081655204,0.02827686,0.10402255,0.010820691,0.0050360966,0.4911865,171,False,False
0.071503356,0.026053207,0.08522678,0.0072636046,0.0050520333,0.38690636,183,True,False
0.095510416,0.035494257,0.118585765,0.014062584,0.0050666053,0.5138588,235,False,False
0.09520147,0.034541447,0.12237617,0.014975926,0.0050085154,0.6080876,222,False,False
0.08414987,0.029263567,0.11150195,0.012432684,0.0050023366,0.6316309,197,False,False
0.07455338,0.023492485,0.09899495,0.0098,0.0050063306,0.48847964,187,False,False
0.08260514,0.026042735,0.11567906,0.013381645,0.0050463886,0.59665644,194,False,False
0.08363767,0.029750023,0.10997336,0.012094141,0.005086733,0.4647417,232,False,False
0.07718265,0.032413527,0.102214165,0.010447736,0.0051007257,0.576007,214,True,False
0.08502522,0.034805737,0.114942625,0.013211806,0.0050119753,0.5917004,223,True,False
0.09307955,0.039352845,0.12121053,0.014691993,0.005097647,0.5875167,225,True,False
0.09009518,0.0357326,0.114831544,0.013186284,0.0050420454,0.5602812,222,True,False
0.081342794,0.034439374,0.09773081,0.009551311,0.005013817,0.49514103,291,True,False
0.08261881,0.03637953,0.10358911,0.010730703,0.0050195493,0.5201457,308,False,False
0.080902725,0.03096942,0.107534096,0.011563581,0.005063338,0.5913797,293,False,False
0.07629061,0.031056289,0.10596027,0.011227579,0.005025521,0.5850091,236,False,False
0.091236934,0.030185673,0.119122036,0.01419006,0.005221119,0.66260284,218,False,False
0.08849295,0.040345028,0.10613601,0.011264852,0.0050295847,0.5674686,223,False,False
0.076618254,0.033921633,0.09487469,0.009001206,0.005028559,0.46974713,233,False,False
0.07027025,0.028378466,0.091042235,0.008288688,0.005018097,0.5947745,227,False,False
0.07271519,0.026917547,0.09994754,0.009989511,0.0053140754,0.6100448,212,False,True
0.08242544,0.03098575,0.1114266,0.012415888,0.0050166007,0.61177486,233,False,False
0.08620232,0.030412711,0.10725024,0.011502614,0.005021597,0.5626072,253,False,False
0.09132048,0.0364145,0.114167295,0.0130341705,0.005083767,0.52075875,229,False,False
0.09115786,0.027917828,0.12504253,0.015635632,0.005010909,0.55643773,210,False,False
0.09664984,0.036327593,0.1254635,0.015741091,0.005021781,0.5651061,232,False,False
0.08769293,0.03020907,0.11483869,0.013187925,0.0050104777,0.7062318,285,False,False
0.10324274,0.04105794,0.12410133,0.015401141,0.0052277558,0.6525828,308,False,False
0.09423663,0.041344885,0.11207062,0.012559824,0.005037219,0.59810245,307,False,False
0.09733476,0.042533502,0.113330856,0.012843883,0.0050590276,0.4804118,277,False,False
0.09096624,0.031006612,0.114175715,0.013036095,0.005003418,0.544278,268,False,False
0.0922888,0.04254581,0.109750226,0.012045112,0.005054908,0.6038719,276,False,False
0.093663044,0.03401207,0.1130084,0.0127709,0.0050055464,0.56111,311,False,False
0.0934958,0.045004256,0.107219554,0.011496033,0.005039095,0.5619942,302,False,False
0.10349431,0.048035964,0.12068718,0.014565396,0.0050058537,0.57930493,311,False,False
0.107097894,0.054725867,0.11728101,0.013754836,0.005020634,0.53939897,325,False,False
0.09488003,0.03976844,0.11144742,0.012420528,0.0050063585,0.5261225,291,False,False
0.104871735,0.052583437,0.11961098,0.0143067865,0.005030496,0.5494288,277,False,False
0.109397456,0.05672447,0.12388268,0.015346919,0.005056445,0.58355844,275,False,False
0.11048078,0.049681507,0.12679332,0.016076546,0.005011628,0.5695629,241,False,False
0.101808295,0.051382966,0.12068266,0.014564303,0.005102427,0.5922599,228,False,False
0.111592375,0.050644573,0.12823313,0.016443735,0.0053345156,0.56776667,202,False,False
0.08895171,0.03291824,0.1141014,0.013019131,0.0050268536,0.67054725,241,False,False
0.100625515,0.0461796,0.12340479,0.015228744,0.0051021264,0.68841875,192,False,False
0.103051886,0.039320115,0.123780206,0.01532154,0.005356306,0.5968884,205,False,False
0.11430011,0.03871255,0.13515094,0.018265778,0.0050924243,0.5523762,206,False,False
0.09882163,0.04140338,0.12364307,0.01528761,0.0050277426,0.6239817,186,False,False
0.114538714,0.061759308,0.12663019,0.016035203,0.0053056516,0.5156171,168,False,False
0.10527494,0.04244146,0.1250303,0.015632574,0.0050528226,0.51125556,147,False,False
0.089368224,0.033694267,0.11828603,0.013991585,0.0051600887,0.6614651,156,False,False
0.098148905,0.037755217,0.113614984,0.012908365,0.0050529307,0.50864357,213,False,False
0.08245443,0.03643237,0.10609951,0.0112571055,0.00505046,0.59294003,228,False,False
0.08563679,0.03849792,0.105140865,0.0110546015,0.0050468137,0.48681554,233,False,False
0.07652783,0.023631118,0.10653061,0.011348771,0.005004647,0.5560704,242,False,False
0.08661451,0.034207657,0.11068558,0.012251298,0.0052602766,0.6355341,286,False,False
0.09437001,0.041877635,0.117325805,0.013765344,0.005088633,0.66535926,313,False,False
0.10783561,0.05355145,0.12316273,0.015169058,0.005115234,0.55636466,322,False,False
0.088190325,0.03683373,0.11520408,0.01327198,0.005057167,0.54391026,260,False,False
0.088899665,0.037789404,0.11155738,0.012445049,0.0050142645,0.6081873,255,False,False
0.074445285,0.027793605,0.102487385,0.010503665,0.005152185,0.6053021,293,False,False
0.08744638,0.03050837,0.11508567,0.013244712,0.005005726,0.62857175,225,False,False
0.06802536,0.0230816,0.09623588,0.009261345,0.0051043276,0.5599591,241,False,False
0.092969656,0.03239221,0.11067635,0.012249255,0.0050355247,0.47779557,218,False,False
0.09513654,0.043386415,0.11624877,0.013513777,0.0050914716,0.5928053,218,False,False
0.07729694,0.0363407,0.09627009,0.00926793,0.0050103595,0.5052911,214,False,False
0.07048401,0.022755941,0.08994649,0.008090372,0.0050709615,0.49164602,187,False,False
0.07564023,0.029131932,0.09788013,0.00958052,0.005095581,0.52625936,226,False,False
0.07659714,0.02721769,0.09847561,0.009697446,0.005049308,0.511821,228,False,False
0.07148361,0.034221135,0.09156455,0.008384067,0.005015256,0.48293862,226,False,False
0.07943496,0.024100836,0.11123566,0.012373373,0.005051667,0.55978304,176,False,True
0.08127941,0.029401883,0.106319055,0.0113037415,0.005053229,0.47195312,222,False,False
0.08385873,0.03335209,0.11065438,0.01224439,0.005279006,0.58317417,221,False,False
0.101747565,0.045099173,0.124776624,0.015569206,0.00514172,0.54793423,228,False,False
0.08852861,0.029301522,0.11937775,0.014251047,0.005012952,0.59792614,249,False,False
0.087692514,0.030509142,0.10891196,0.011861816,0.0050840843,0.45803598,231,False,False
0.08972868,0.03596498,0.11397958,0.012991345,0.0050239787,0.7455514,237,False,False
0.10066563,0.037495017,0.12922354,0.016698722,0.0050155646,0.67622614,255,False,False
0.09044445,0.04213047,0.11071785,0.012258441,0.0050327773,0.4990289,232,False,False
0.10217031,0.04556489,0.12257217,0.015023937,0.0050456584,0.59797144,224,False,False
0.093395434,0.033735234,0.12132239,0.014719123,0.005061792,0.5693966,245,False,False
0.090900585,0.03821998,0.11371306,0.012930661,0.0050194655,0.55643594,262,False,False
0.0774203,0.027252605,0.10211368,0.010427203,0.005024128,0.5251859,268,False,False
0.077438965,0.030391686,0.10033669,0.010067453,0.0050209495,0.4874654,234,False,False
0.061003424,0.024404593,0.086202234,0.0074308254,0.0050099296,0.46560046,262,False,False
0.08939468,0.037930954,0.11082257,0.012281643,0.005133765,0.564847,268,False,False
0.09314228,0.044482466,0.10916825,0.011917707,0.0050338595,0.5152233,228,False,False
0.0871738,0.031925574,0.114272535,0.013058212,0.005086202,0.5564211,262,False,False
0.094679065,0.037031285,0.11588733,0.013429873,0.0050861617,0.617786,266,False,False
0.087755464,0.032000113,0.11689987,0.01366558,0.005103483,0.7109686,282,False,False
0.090370625,0.031136256,0.121927485,0.014866311,0.0050202697,0.64645845,232,False,False
0.071416594,0.022849128,0.10416376,0.010850089,0.0050506843,0.5914163,239,False,False
0.075173065,0.029997438,0.10080752,0.010162155,0.0050058775,0.5867591,237,False,False
0.0861124,0.036688156,0.110093504,0.012120579,0.005036221,0.64978826,239,False,False
0.09039905,0.035471562,0.112074845,0.012560771,0.0051365583,0.520482,269,False,False
0.08289878,0.026415385,0.115403585,0.013317987,0.0050109196,0.60596734,253,False,False
0.0906887,0.030106857,0.1189282,0.014143918,0.0051200194,0.6494389,241,False,False
0.09294976,0.034010213,0.11963658,0.014312912,0.0051240553,0.6346642,270,False,False
0.09349072,0.03947736,0.116738655,0.013627913,0.0050252215,0.652142,319,False,False
0.084262975,0.03476444,0.10577014,0.011187323,0.005024757,0.611886,239,False,False
0.08894718,0.03796393,0.10880967,0.011839545,0.005003018,0.6136899,265,False,False
0.094427355,0.039653167,0.11681103,0.013644816,0.005005941,0.62738377,258,False,True
0.075199015,0.03217779,0.09225419,0.008510836,0.0050647687,0.392325,265,False,False
0.083152436,0.030898647,0.105122015,0.011050638,0.0050077946,0.5911623,293,False,False
0.08966762,0.04051763,0.11122251,0.012370447,0.005028473,0.5946854,301,False,False
0.091064684,0.03922113,0.10613107,0.0112638045,0.005042448,0.5770641,284,False,False
0.09049066,0.037257027,0.10815187,0.011696827,0.005026382,0.5020753,319,False,False
0.09584393,0.04187403,0.116044596,0.013466348,0.005060358,0.588945,329,False,False
0.093917996,0.031042311,0.11585773,0.0134230135,0.005067683,0.4942514,302,False,False
0.1011736,0.04078804,0.12746155,0.016246447,0.0050475956,0.6759544,301,False,False
0.107356936,0.04560277,0.12592906,0.015858127,0.0050305584,0.7436885,292,False,False
0.10833523,0.04401788,0.12977085,0.016840471,0.0051708533,0.6901433,277,False,False
0.09934599,0.038270917,0.119993076,0.014398337,0.005023655,0.56222606,273,False,False
0.09338078,0.032818604,0.118306294,0.013996379,0.005017954,0.5711129,245,False,False
0.09663154,0.04161206,0.11420459,0.013042688,0.0050377105,0.48522776,209,False,False
0.08304234,0.04114925,0.10111014,0.01022326,0.0050000167,0.47817245,238,False,False
0.08678016,0.03607262,0.109357476,0.011959057,0.0050981073,0.5296014,181,False,False
0.10261001,0.037867323,0.12526798,0.015692068,0.0050273677,0.55187374,159,False,False
0.09041674,0.040795933,0.103606425,0.010734292,0.0050975885,0.4704165,151,False,False
0.08004984,0.02778367,0.110545404,0.012220286,0.005062472,0.49338895,179,False,False
0.08109927,0.025195412,0.10360152,0.010733276,0.0053269537,0.44744956,186,False,False
0.09444714,0.04326848,0.10711536,0.0114737,0.0052518356,0.5513728,181,False,False
0.10296928,0.039266735,0.12262207,0.015036172,0.005082614,0.5164548,194,False,False
0.08878139,0.034007557,0.11255401,0.012668404,0.0050136023,0.55327636,259,False,False
0.07998291,0.031688783,0.103364184,0.010684155,0.0050384966,0.52556074,226,False,False
0.08050439,0.031694513,0.10426946,0.01087212,0.005004084,0.49622592,271,False,False
0.096174866,0.040191136,0.11657137,0.013588883,0.005071272,0.5945432,300,False,False
0.109158725,0.049797725,0.12582877,0.01583288,0.0050472375,0.5825323,275,False,False
0.0847151,0.031902302,0.12006357,0.014415261,0.0050002486,0.7107548,242,False,False
0.09416364,0.044546872,0.116796665,0.013641462,0.0050234846,0.62765884,266,False,False
0.0842014,0.027347626,0.11051094,0.012212668,0.005052496,0.54990715,237,False,False
0.095513865,0.035102814,0.118809745,0.014115755,0.0051213778,0.56075275,230,False,False
0.08294587,0.025276687,0.11585846,0.013423182,0.005010642,0.60816133,243,False,False
0.066066906,0.024805747,0.08890633,0.007904336,0.005024749,0.5999063,219,False,False
0.08227314,0.028951287,0.110276535,0.012160914,0.0050848946,0.6481002,246,False,False
0.08840956,0.029753495,0.117456,0.013795911,0.005039626,0.55012447,292,False,False
0.085402556,0.03546914,0.112022385,0.012549015,0.0050330334,0.63518125,312,False,False
0.066677526,0.025469106,0.09744573,0.009495669,0.0050504324,0.64790106,240,False,False
0.08981134,0.03327036,0.11207818,0.01256152,0.0051273257,0.5125808,240,False,False
0.08717461,0.042101808,0.108854085,0.0118492115,0.0050416486,0.5935552,211,False,True
0.08900706,0.039401267,0.107742675,0.011608484,0.0050270655,0.51625466,258,False,False
0.08089394,0.03574334,0.10448835,0.010917815,0.0050429665,0.4938945,224,False,False
0.0752997,0.028793234,0.101263605,0.010254317,0.0050377776,0.6740286,230,False,False
0.07434023,0.026390612,0.10363587,0.010740393,0.0050703846,0.55403376,194,False,False
0.06252545,0.016441872,0.10407861,0.010832357,0.0051534474,0.57014567,160,False,False
0.08063208,0.028525725,0.108481616,0.011768261,0.005002839,0.54966784,188,False,False
0.072366506,0.023705516,0.10039632,0.010079421,0.005135358,0.5417428,207,False,False
0.06657923,0.03131917,0.08736128,0.0076319943,0.00505142,0.46162075,197,False,False
0.07696173,0.030906387,0.10256594,0.010519772,0.005034143,0.51121056,167,True,False
0.07940165,0.024773758,0.11537929,0.01331238,0.0050759353,0.5878334,177,True,False
0.071082436,0.022252418,0.10334472,0.010680132,0.0050101676,0.59905624,193,True,False
0.083151214,0.027957145,0.115125515,0.013253884,0.0050029103,0.57675797,207,True,False
0.079454094,0.028002884,0.11100991,0.0123232,0.005025594,0.56810457,239,True,False
0.08204171,0.029839998,0.11440962,0.013089561,0.005126428,0.6064209,221,False,False
0.078099266,0.029911464,0.10477547,0.010977901,0.0050192135,0.46836787,209,False,False
0.07440749,0.028098052,0.09809279,0.009622195,0.005118146,0.43971696,264,False,False
0.08672583,0.033929117,0.10837428,0.011744984,0.005016758,0.5291152,322,False,False
0.090608165,0.028656151,0.123244844,0.015189291,0.0050911303,0.57496434,285,True,False
0.070143774,0.022553649,0.09800142,0.009604278,0.0050049564,0.45748305,249,True,False
0.08403806,0.029063698,0.11165077,0.012465895,0.005154741,0.5174559,242,True,False
0.069013506,0.02483457,0.099733345,0.00994674,0.0051226807,0.67899275,232,True,False
0.063649185,0.026666004,0.08619226,0.007429105,0.0050005987,0.51118445,242,True,False
0.080913365,0.032069746,0.112619035,0.012683047,0.005008306,0.635084,215,True,False
0.09479928,0.041031197,0.11836811,0.0140110105,0.005121647,0.49545148,250,True,False
0.09521515,0.031678006,0.11831151,0.0139976125,0.0050343256,0.5143798,246,True,False
0.08171269,0.034713402,0.10467925,0.010957745,0.00501536,0.5907165,249,True,False
0.076348074,0.029550334,0.10956696,0.012004918,0.005135875,0.7535723,232,True,False
0.08047326,0.02982596,0.10066309,0.010133057,0.0050475816,0.48136008,222,True,False
0.0909691,0.040888023,0.11053217,0.0122173615,0.005025934,0.6344541,232,True,False
0.082344115,0.03035479,0.106431924,0.011327755,0.0050566224,0.62765497,248,True,False
0.09207118,0.040385395,0.11137682,0.012404797,0.005051484,0.48869085,262,True,False
0.08470418,0.033756398,0.10886465,0.011851513,0.0050219647,0.5688916,270,True,False
0.10111014,0.03816187,0.12794162,0.01636906,0.005108501,0.58797836,265,False,False
0.094306715,0.038523845,0.114047274,0.01300678,0.0051549985,0.5697036,285,False,False
0.081244305,0.027720604,0.10923775,0.011932887,0.0050323796,0.5849436,218,False,True
0.08915227,0.029011937,0.12078141,0.014588148,0.0050081015,0.68636394,273,False,False
0.08812615,0.036572102,0.10935279,0.011958033,0.005006634,0.53023684,287,False,False
0.088671125,0.033128504,0.1216974,0.0148102585,0.0050673024,0.6225526,295,False,False
0.08759172,0.038586076,0.10535806,0.01110032,0.005029728,0.55471206,267,False,False
0.093425006,0.03884909,0.11549971,0.0133401835,0.005029871,0.6188042,251,False,False
0.09060709,0.038142964,0.115476884,0.013334911,0.0050117783,0.60550964,248,False,False
0.101732746,0.04392136,0.122349456,0.01496939,0.0050000637,0.7584265,282,False,False
0.10646424,0.051380627,0.12090908,0.014619006,0.005023591,0.5502967,310,False,False
0.092662536,0.045002934,0.10739485,0.011533654,0.005087076,0.47374022,289,False,False
0.11599203,0.064389676,0.12707272,0.016147478,0.005033576,0.60893315,257,False,False
0.094567284,0.050994474,0.10836975,0.011744004,0.005048809,0.5136463,253,False,False
0.10022516,0.049833905,0.114404194,0.013088319,0.0050229453,0.5006591,265,False,False
0.08357523,0.03791724,0.101937585,0.010391272,0.0050685913,0.5540641,278,False,True
0.097117424,0.042049035,0.11718647,0.013732669,0.005002768,0.589693,264,False,False
0.11513813,0.046789467,0.12973678,0.01683163,0.005006995,0.64383346,257,False,False
0.10746269,0.051588625,0.11820248,0.013971826,0.005002978,0.46743202,256,False,False
0.108221024,0.04519435,0.11976819,0.014344419,0.005107434,0.528746,258,False,False
0.10235332,0.039604183,0.12719634,0.01617891,0.0050054686,0.6846001,271,False,False
0.10801731,0.057755455,0.11600713,0.013457654,0.005070124,0.6125145,236,False,False
0.09922876,0.048107397,0.10868254,0.011811894,0.005021095,0.52076703,224,False,False
0.080736056,0.03740576,0.10513621,0.011053623,0.0051743877,0.559237,230,False,False
0.08503763,0.033322275,0.1092364,0.01193259,0.00503006,0.5687822,241,False,False
0.085220456,0.035169568,0.10393151,0.010801759,0.0050127674,0.512628,245,False,False
0.08378892,0.035056658,0.1096944,0.012032862,0.005042182,0.58237445,242,False,False
0.07160367,0.033561446,0.08825773,0.0077894274,0.0050331093,0.5589235,241,False,False
0.081043564,0.030756157,0.10290039,0.010588491,0.0051598037,0.5297404,239,False,False
0.0829928,0.031640265,0.109517105,0.011993996,0.0050310967,0.5956107,246,False,False
0.07939416,0.030211907,0.10427382,0.01087303,0.0050664833,0.53226495,232,False,False
0.08531791,0.036283694,0.10483572,0.010990528,0.005003842,0.4948627,229,False,False
0.083974,0.032456905,0.10692786,0.011433567,0.005054933,0.5370078,222,False,False
0.08807999,0.035004154,0.11026464,0.01215829,0.005008767,0.52299213,272,False,False
0.08447339,0.026238505,0.11028451,0.012162672,0.0050629573,0.6861971,264,False,False
0.076378554,0.03176694,0.103507906,0.010713887,0.005010425,0.50985104,283,False,False
0.08748592,0.03436385,0.11402551,0.013001817,0.0050867195,0.57373023,296,True,False
0.0939812,0.027451897,0.12506405,0.015641015,0.005067026,0.6271838,266,True,False
0.08300526,0.030656107,0.10841387,0.0117535675,0.005238819,0.5222678,218,True,False
0.07741891,0.024457362,0.11073662,0.0122626005,0.0050048735,0.5726646,246,True,False
0.07967544,0.03499596,0.10500014,0.011025029,0.005048568,0.54549164,242,True,False
0.076710105,0.028623475,0.103616,0.0107362745,0.005010439,0.4999277,243,True,False
0.09564563,0.03793356,0.12356481,0.015268262,0.005315168,0.6021202,280,True,False
0.07383692,0.021837618,0.10994711,0.012088367,0.00501667,0.64921314,246,True,False
0.07861723,0.030524228,0.10762082,0.011582241,0.005039636,0.60090256,266,True,False
0.074287966,0.026324859,0.09979925,0.009959891,0.0050004823,0.60422504,241,True,False
0.07784584,0.026485652,0.10666372,0.011377148,0.005009228,0.5162891,246,True,False
0.07273939,0.025497505,0.10564012,0.011159834,0.005023639,0.5736326,255,True,False
0.09175647,0.033793017,0.12125777,0.014703446,0.0050439807,0.5505383,269,True,False
0.07902172,0.029869512,0.11066143,0.012245952,0.0050055864,0.6069558,216,True,False
0.082727104,0.029121405,0.10778807,0.011618268,0.005020977,0.5729943,281,True,False
0.069455855,0.02703575,0.092051156,0.008473415,0.005012101,0.6405762,276,True,False
0.081036426,0.030969318,0.11092296,0.012303903,0.0050243484,0.65085447,254,True,False
0.06273405,0.021150228,0.08855537,0.007842054,0.0050262157,0.4956766,228,True,False
0.07893288,0.026172131,0.102986135,0.010606145,0.0050247423,0.5327109,224,True,False
0.074921876,0.031010892,0.10630283,0.011300291,0.0050180266,0.62073666,194,True,False
0.08183172,0.025528727,0.10540135,0.011109444,0.0050368486,0.47111735,153,True,False
0.079528056,0.030461188,0.10203918,0.0104119945,0.0051601585,0.56025916,187,True,False
0.07289676,0.022844845,0.10072347,0.010145216,0.005053474,0.5022265,193,True,False
0.07160842,0.024329202,0.09522748,0.009068273,0.0051900223,0.42417642,171,True,False
0.067891166,0.028821416,0.090458326,0.008182708,0.0050818776,0.46603477,210,True,False
0.07615427,0.027765905,0.103891395,0.010793422,0.0050103213,0.52448046,226,True,False
0.081769675,0.03441458,0.10172405,0.010347783,0.005011108,0.5471103,218,True,False
0.08344245,0.030303586,0.113278285,0.012831969,0.005071925,0.52949554,222,True,False
0.089881085,0.03461647,0.11353572,0.012890358,0.0050726845,0.5346489,221,True,False
0.085067995,0.028417336,0.1160173,0.013460014,0.005002498,0.53837425,253,False,False
0.081376195,0.035153754,0.10708344,0.011466863,0.005058611,0.56172544,234,False,False
0.08007503,0.0318567,0.10280188,0.010568227,0.0050046686,0.61368537,228,False,False
0.0709207,0.022734184,0.11076016,0.012267813,0.005034237,0.5147847,213,False,False
0.07398656,0.032660503,0.095095895,0.009043229,0.0051724073,0.44369784,209,False,False
0.08625514,0.026796907,0.11633389,0.013533573,0.005015417,0.56550694,224,False,False
0.0917838,0.038404636,0.11490544,0.01320326,0.005038033,0.6131185,214,True,False
0.06916682,0.022003511,0.09742999,0.009492603,0.005013925,0.5830022,227,True,False
0.076011635,0.02927629,0.10579277,0.01119211,0.005071538,0.5843618,201,True,False
0.06988962,0.021855643,0.10353597,0.010719698,0.005010143,0.5547176,202,True,False
0.08290096,0.029819809,0.11449252,0.0131085375,0.0051971213,0.6781428,216,True,False
0.081047095,0.024534982,0.117426865,0.013789068,0.0050296322,0.6456048,210,True,False
0.08210951,0.031235611,0.11183598,0.012507287,0.005150659,0.56965935,244,True,False
0.09957764,0.031410873,0.13051036,0.017032955,0.0051649436,0.56650126,257,True,False
0.08326432,0.03918188,0.100511976,0.010102658,0.005009227,0.49767023,273,True,False
0.07697172,0.023571942,0.10189395,0.010382377,0.005110416,0.47196516,218,False,True
0.08542607,0.031685323,0.110354714,0.012178162,0.005047577,0.5786021,276,True,False
0.08299665,0.034629893,0.10299969,0.010608936,0.0050149146,0.5064136,229,True,False
0.07283618,0.031245776,0.09085837,0.008255243,0.0050561232,0.38478324,254,True,False
0.07845308,0.028087363,0.11746857,0.013798866,0.0050496673,0.67329985,241,True,False
0.07441729,0.024643073,0.105770856,0.011187473,0.005080507,0.63932586,225,True,False
0.08086494,0.030572629,0.111464866,0.012424417,0.005072023,0.6949203,212,True,False
0.086998805,0.036351815,0.122599915,0.015030739,0.005024874,0.6268129,230,True,False
0.09818467,0.033117026,0.1332274,0.017749539,0.0050085434,0.7238604,236,True,False
0.086135514,0.03817296,0.10391561,0.010798453,0.005044846,0.5106121,256,True,False
0.09180388,0.03760363,0.11649961,0.013572159,0.005009087,0.63034177,370,False,False
0.0900047,0.03283646,0.114352986,0.013076606,0.005001567,0.5801407,304,False,False
0.085867405,0.030878387,0.108902425,0.011859737,0.005037823,0.5075319,275,False,False
0.09455557,0.035211965,0.11695588,0.013678677,0.005046202,0.6332464,281,False,False
0.09246451,0.03948333,0.11994721,0.014387333,0.0051970803,0.6427616,266,False,False
0.09761609,0.040859763,0.114715636,0.013159676,0.005016025,0.5851801,270,False,False
0.087065056,0.032857303,0.11454006,0.013119426,0.005052003,0.6399517,282,False,False
0.08955992,0.03030512,0.11922332,0.0142142,0.0051825363,0.55067664,293,False,False
0.10119124,0.051369645,0.10928306,0.011942787,0.0050046514,0.47715998,311,False,False
0.102201276,0.052232802,0.12131993,0.014718524,0.0050370144,0.5887094,294,False,False
0.09629428,0.0425031,0.10808838,0.011683099,0.005002073,0.5136321,250,False,False
0.10697638,0.048202544,0.11833373,0.014002872,0.0050321827,0.52925915,294,False,False
0.104580864,0.044419453,0.12912843,0.016674152,0.0050629643,0.5812328,278,False,False
0.105076276,0.047631726,0.12574518,0.015811851,0.005309766,0.66155344,245,False,False
0.09758591,0.036114167,0.11767157,0.013846599,0.005016972,0.51104474,212,False,False
0.089417204,0.026581079,0.11673631,0.013627365,0.005056139,0.4461339,180,False,False
0.08377397,0.030946238,0.10098202,0.0101973675,0.005033717,0.49215668,141,False,False
0.094982415,0.03427861,0.116970316,0.013682054,0.0053537963,0.4694433,138,False,False
0.0906748,0.03617459,0.114249416,0.013052928,0.005002949,0.46893874,153,False,False
0.0948292,0.02914471,0.12406986,0.015393331,0.0050207037,0.4980353,185,False,False
0.10816781,0.05028052,0.12676743,0.016069982,0.0050581456,0.5716393,148,False,False
0.09432337,0.044000193,0.11079135,0.012274723,0.005027489,0.49453574,171,False,False
0.086319976,0.03522596,0.10387857,0.010790758,0.0050168745,0.47102365,193,False,False
0.07884944,0.038354207,0.096839815,0.00937795,0.0050123148,0.5440096,289,False,True
0.0919016,0.041860014,0.10906631,0.01189546,0.005202075,0.51653683,284,False,False
0.094947144,0.03654179,0.11658111,0.013591156,0.0050079464,0.5746834,294,False,False
0.10280421,0.052015908,0.11859223,0.014064118,0.005240146,0.53126216,268,False,False
0.09251772,0.037657667,0.1207955,0.014591554,0.00508188,0.6634993,269,False,False
0.10210026,0.042074457,0.123564586,0.015268207,0.0051455763,0.58806515,277,False,False
0.09676933,0.050481547,0.1121786,0.012584039,0.0050281673,0.59580284,279,False,False
0.08597739,0.034589022,0.1059704,0.011229726,0.0051086005,0.53180265,280,False,False
0.07846565,0.033257853,0.1037951,0.010773422,0.005015594,0.5637923,241,False,False
0.0885045,0.034513067,0.115622185,0.01336849,0.005010969,0.62039435,262,False,False
0.09212979,0.02955651,0.121657364,0.014800515,0.005047072,0.59163034,242,True,False
0.07955518,0.029820774,0.10669137,0.011383048,0.0052042757,0.50970095,282,True,False
0.07741436,0.02775678,0.11192715,0.012527687,0.0050708028,0.6275363,229,True,False
0.09160471,0.0331636,0.12014778,0.01443549,0.005005716,0.6099027,286,True,False
0.079349175,0.034560412,0.102719106,0.010551214,0.0050643757,0.49129087,289,True,False
0.08646157,0.031796962,0.11728183,0.013755027,0.005004784,0.6925533,300,True,False
0.08146315,0.032780368,0.107098654,0.011470121,0.0052165915,0.5755436,293,False,True
0.086568974,0.033357527,0.12102446,0.014646919,0.0050197267,0.6131973,331,True,False
0.09539968,0.035804957,0.121424235,0.014743844,0.005002649,0.60697955,305,True,False
0.08620361,0.04065399,0.108190656,0.011705218,0.0050023766,0.55198383,304,True,False
0.08144533,0.03128214,0.108199164,0.011707059,0.00502743,0.575129,269,True,False
0.0649299,0.023464285,0.10125731,0.010253043,0.0050456007,0.549338,247,True,False
0.09283295,0.03195767,0.12492273,0.015605688,0.00505607,0.6051044,268,True,False
0.08765502,0.030580012,0.11361938,0.012909364,0.005006587,0.6070305,283,True,False
0.07145678,0.026978714,0.09661507,0.009334471,0.0051694484,0.51480365,291,True,False
0.07332387,0.026949162,0.10727194,0.011507269,0.0051286398,0.63577193,303,True,False
0.08365789,0.030021494,0.11515336,0.013260297,0.005013874,0.66690105,270,True,False
0.07266066,0.024144214,0.11023316,0.012151349,0.005090602,0.5364686,248,True,False
0.08099789,0.031212464,0.106318615,0.011303648,0.005060147,0.50187856,256,True,False
0.06681727,0.02294618,0.09875648,0.009752842,0.005017604,0.6986658,241,True,False
0.08382594,0.034239016,0.105143376,0.01105513,0.00511656,0.44634274,195,True,False
0.06450839,0.025685888,0.08388041,0.007035923,0.0050862385,0.4242508,200,True,False
0.07356907,0.029241689,0.094564036,0.008942356,0.0050013447,0.5161933,179,False,False
0.087063365,0.038132146,0.10461116,0.010943495,0.00504046,0.49029928,232,False,False
0.08920396,0.031129127,0.113404475,0.012860575,0.0050372374,0.49839863,226,False,False
0.09055482,0.034102436,0.12047143,0.014513366,0.005024128,0.641326,199,False,False
0.082102284,0.035668395,0.10710899,0.011472335,0.0050162515,0.5080964,228,False,False
0.087329246,0.03849586,0.10571348,0.011175339,0.0050279642,0.5185559,223,False,False
0.08018859,0.033301894,0.1033471,0.010680622,0.005144935,0.47565648,207,False,True
0.083060436,0.039140448,0.10004876,0.010009754,0.0050515453,0.51587826,260,False,False
0.10359692,0.0429971,0.12646215,0.015992675,0.0050410884,0.58093137,258,False,False
0.10232767,0.049392313,0.116335034,0.013533841,0.0050507896,0.52633584,267,False,False
0.09188957,0.04057382,0.11009531,0.012120977,0.0050265878,0.45300338,267,False,False
0.08919003,0.03081334,0.11375164,0.012939436,0.0050018146,0.5035824,282,False,False
0.09368106,0.042392246,0.115657866,0.013376742,0.005060302,0.576248,261,False,False
0.081968285,0.03164763,0.108075306,0.011680272,0.005239521,0.5980146,245,False,False
0.08789174,0.039458945,0.11035939,0.012179196,0.005022347,0.45957702,219,False,False
0.09587291,0.04637225,0.11058989,0.012230123,0.005031888,0.5561492,215,False,False
0.079666495,0.025150266,0.11005555,0.012112224,0.005060639,0.52890533,195,False,False
0.0844408,0.035473634,0.10275171,0.010557913,0.005182697,0.4966844,211,False,False
0.099384345,0.03839492,0.1264914,0.016000073,0.0051074587,0.6001953,252,False,False
0.08916152,0.03021339,0.11759368,0.013828274,0.0050060423,0.5962645,268,True,False
0.092996955,0.0374423,0.1148938,0.013200585,0.0050043324,0.49369553,289,True,False
0.09372405,0.045749873,0.110503934,0.012211119,0.005018917,0.49521947,222,True,False
0.08300936,0.025025062,0.11343394,0.012867259,0.005040271,0.5657778,183,True,False
0.07896179,0.0265915,0.10850394,0.011773105,0.005039899,0.5489911,217,True,False
0.0941856,0.03726193,0.1185895,0.014063469,0.005098365,0.59022427,228,True,False
0.08791971,0.032479376,0.118296675,0.013994104,0.00516307,0.6301181,203,True,False
0.08699408,0.023400463,0.12229998,0.014957284,0.0051269517,0.4862659,200,True,False
0.09196784,0.037891995,0.12582752,0.015832566,0.0050606364,0.6623529,259,True,False
0.08527539,0.029729124,0.11286641,0.012738827,0.0050261607,0.62597203,242,True,False
0.07638094,0.032642566,0.10437047,0.010893194,0.0050595575,0.5841743,244,True,False
0.080519386,0.032393485,0.10340563,0.010692724,0.0051454394,0.5155446,246,False,False
0.089660324,0.035788957,0.11664613,0.013606321,0.0050046374,0.6297115,261,False,False
0.07185468,0.02745869,0.10006484,0.010012972,0.0050420333,0.5414891,255,False,False
0.083174095,0.031335272,0.104372025,0.01089352,0.005061776,0.5040914,234,False,False
0.06766647,0.02404151,0.09742017,0.00949069,0.0050441595,0.52507854,250,False,False
0.07862701,0.033745788,0.102312505,0.010467849,0.005019423,0.6888564,260,False,False
0.08000229,0.028351368,0.10902035,0.011885437,0.005005047,0.577866,271,False,False
0.07708399,0.02567449,0.11173318,0.012484304,0.005041759,0.7181985,291,False,False
0.0907315,0.041652966,0.112682134,0.012697264,0.005024658,0.5583929,326,False,False
0.08969294,0.03814974,0.10423594,0.010865131,0.0051508057,0.47880238,268,False,False
0.09441334,0.039534744,0.11158526,0.012451271,0.0050252774,0.55818635,255,False,False
0.10387,0.04377688,0.12298714,0.015125838,0.005049268,0.5173899,242,False,False
0.09177924,0.040330715,0.10924113,0.011933625,0.0051505626,0.5536969,248,False,False
0.088591725,0.040360298,0.10545194,0.011120112,0.005097271,0.48177803,237,False,False
0.09387383,0.047119107,0.11147698,0.012427117,0.0052104383,0.54697335,289,False,False
0.092880435,0.039660707,0.11144935,0.012420958,0.0050737606,0.56494534,328,False,False
0.09489893,0.03903588,0.11452601,0.013116208,0.0051228646,0.68493515,289,False,False
0.10264616,0.04273504,0.12239388,0.014980261,0.0051036743,0.56638414,267,False,False
0.096538134,0.04531124,0.11460679,0.013134716,0.0050523155,0.5981935,268,False,False
0.0983375,0.04497272,0.11832111,0.013999886,0.0050376286,0.6588686,295,False,False
0.097037666,0.041070696,0.11494107,0.01321145,0.0050648605,0.6313015,289,False,False
0.10692257,0.055186898,0.11351787,0.012886308,0.005050389,0.55724347,272,False,False
0.10462725,0.055543415,0.112739936,0.012710294,0.005078369,0.52400273,262,False,False
0.0929593,0.045253426,0.10613067,0.011263718,0.0050554406,0.49736264,286,False,False
0.09863128,0.035912383,0.11267643,0.012695977,0.005024753,0.53468394,243,False,False
0.08583293,0.02833036,0.11147399,0.012426451,0.0051482967,0.5841245,224,False,False
0.08501923,0.0341312,0.104681626,0.010958243,0.0050505833,0.54233545,264,False,False
0.08492107,0.036232054,0.09742753,0.0094921235,0.005002399,0.4200601,253,False,False
0.075950064,0.03478242,0.09031842,0.008157417,0.0050664493,0.46946347,253,False,False
0.081861846,0.03352935,0.10259283,0.010525289,0.0050363676,0.48971394,243,False,False
0.07541264,0.029700741,0.09828973,0.009660871,0.0050367145,0.47492555,238,False,False
0.08301471,0.02884959,0.10901716,0.011884742,0.005326279,0.52870166,240,False,False
0.086563796,0.033896867,0.10861739,0.011797736,0.0050207917,0.54858524,285,False,False
0.099641226,0.047335092,0.11850989,0.014044594,0.0050935117,0.6296245,319,False,False
0.0957076,0.03605134,0.117622435,0.013835037,0.005059259,0.6072244,295,False,False
0.10564074,0.042293724,0.12109615,0.0146642765,0.00516096,0.5756275,285,False,False
0.06642166,0.02775414,0.09368939,0.008777702,0.0050119716,0.55642015,262,False,False
0.07715651,0.028996184,0.10096894,0.010194727,0.005008653,0.49106655,280,False,False
0.0760914,0.031483054,0.09664212,0.0093396995,0.0050086924,0.5827476,290,False,False
0.081779644,0.033816442,0.10263321,0.010533576,0.005012304,0.49497986,296,False,False
0.08848148,0.032775927,0.11839918,0.014018365,0.0050008832,0.6650897,285,False,False
0.08784479,0.029368527,0.12272476,0.015061365,0.0050122635,0.64889616,250,False,False
0.078078195,0.040293373,0.09935927,0.009872264,0.005027924,0.5215002,256,False,False
0.080741234,0.030832322,0.10765286,0.011589138,0.005051485,0.525147,257,False,False
0.085529216,0.03123096,0.11200292,0.012544653,0.0050045634,0.5445629,351,True,False
0.07826588,0.028301189,0.10463037,0.010947515,0.005110017,0.5439417,309,True,False
0.08251144,0.02816543,0.11104676,0.012331383,0.005005861,0.5364237,287,True,False
0.082008146,0.032539293,0.11142126,0.012414697,0.005072249,0.5561165,298,True,False
0.0829548,0.028612021,0.11182956,0.012505849,0.0050946753,0.59510714,281,True,False
0.07355413,0.028387133,0.10282747,0.010573489,0.0050678398,0.699322,234,True,False
0.07484275,0.02975019,0.10376094,0.010766333,0.0050250688,0.66457146,281,True,False
0.088185415,0.028588891,0.11784196,0.013886727,0.0050489497,0.505071,259,True,False
0.08322552,0.02950111,0.11780252,0.013877435,0.0050147753,0.64534444,264,True,False
0.08383157,0.030699808,0.11372611,0.012933628,0.0050549936,0.5847391,280,True,False
0.08059275,0.026809974,0.11586306,0.013424248,0.0050545894,0.57522607,300,True,False
0.07326509,0.026602536,0.102884725,0.010585267,0.005003535,0.5502784,285,True,False
0.0768566,0.029378448,0.103352666,0.010681774,0.0050390195,0.51908374,295,True,False
0.06295331,0.0236671,0.091590054,0.008388738,0.005000405,0.52958214,272,True,False
0.071826704,0.027065285,0.10294229,0.010597115,0.0050688228,0.58396524,247,True,False
0.07747537,0.034148112,0.100162394,0.010032506,0.0050999876,0.47801653,216,True,False
0.07924264,0.026607644,0.10946471,0.011982523,0.005102115,0.5628171,198,True,False
0.084561236,0.03105972,0.110084675,0.012118636,0.0050606504,0.5305328,201,True,False
0.070356585,0.03236016,0.087442495,0.0076461905,0.005034371,0.55741286,193,False,False
0.07544614,0.031472515,0.10086608,0.010173965,0.005033426,0.5927463,218,False,False
0.07699197,0.031095434,0.09747756,0.009501875,0.005007901,0.53612304,208,False,False
0.0748548,0.024167601,0.10034319,0.0100687565,0.0050085485,0.5299979,220,False,False
0.067383446,0.02345364,0.096926145,0.009394677,0.005049676,0.47218898,198,True,False
0.059386745,0.020724924,0.092213616,0.008503351,0.005000268,0.51372874,180,True,False
0.064920485,0.028852614,0.080859154,0.006538203,0.0050993357,0.433695,171,True,False
0.070614144,0.026013589,0.10048769,0.010097776,0.0051445263,0.53917325,171,True,False
0.076123774,0.03300251,0.091727406,0.008413917,0.005125074,0.40735653,173,True,False
0.077684544,0.025649266,0.10163168,0.010328999,0.0050441124,0.44368967,162,True,False
0.07943612,0.03158589,0.10555305,0.011141447,0.0052268635,0.50368625,182,True,False
0.08109073,0.03290818,0.10370231,0.010754168,0.005034483,0.5344217,174,True,False
0.08774814,0.036411986,0.11460045,0.013133262,0.0050371923,0.58421177,210,False,False
0.08181453,0.031459372,0.10765033,0.011588594,0.0050448575,0.59888744,229,False,False
0.09445529,0.032922484,0.11609583,0.013478243,0.005045557,0.51657116,217,False,False
0.09586251,0.036716692,0.11796239,0.013915126,0.0050564907,0.59696585,260,False,False
0.08772197,0.036770307,0.11377243,0.012944167,0.00505116,0.6066375,253,False,False
0.09993291,0.041217253,0.12660314,0.016028356,0.0051631085,0.64713895,254,False,False
0.0825642,0.030183874,0.10917625,0.011919454,0.005032529,0.5176305,233,False,False
0.0952428,0.036466766,0.11871873,0.014094136,0.0050033727,0.597025,245,False,False
0.08884082,0.03368652,0.11049244,0.012208578,0.005002713,0.57964593,207,False,False
0.09359018,0.02895677,0.122254536,0.014946172,0.0050874017,0.57539076,263,False,False
0.10653949,0.04993353,0.12251789,0.015010634,0.005112207,0.47724122,268,False,False
0.113166355,0.05279775,0.13391683,0.017933717,0.005147716,0.59871066,285,False,False
0.11047787,0.040849347,0.14029975,0.019684019,0.0051933643,0.59861577,321,False,False
0.10123485,0.038120095,0.12920232,0.01669324,0.0050592865,0.59273946,357,False,False
0.12689002,0.05207152,0.14780383,0.021845972,0.0050204583,0.6240169,375,False,False
0.1228307,0.05552991,0.14253072,0.020315008,0.005038244,0.6237312,393,False,False
0.13755967,0.0677564,0.15408748,0.023742953,0.005101326,0.64868766,399,True,False
0.12710086,0.058205143,0.14154407,0.020034727,0.0050141322,0.59028053,346,True,False
0.11488937,0.044542786,0.14213045,0.020201063,0.005001115,0.6787855,271,True,False
0.09568964,0.036515065,0.118261576,0.013985801,0.00529914,0.6111405,229,False,False
0.07363342,0.023514656,0.10399613,0.010815194,0.0050078677,0.5295325,215,False,False
0.082498394,0.033702802,0.110012345,0.012102717,0.005123672,0.62093264,177,False,False
0.092568636,0.02687399,0.12636632,0.015968448,0.0050207134,0.6065345,205,False,False
0.10179606,0.04166913,0.12482144,0.0155803915,0.0051559513,0.6431788,247,False,False
0.086059146,0.033031225,0.108505696,0.011773487,0.005031809,0.5740754,289,True,False
0.085345596,0.036129817,0.1076181,0.011581656,0.0051330216,0.5430819,278,True,False
0.07992359,0.026141807,0.12203126,0.014891628,0.005001967,0.65971845,252,True,False
0.069432236,0.02769209,0.097148314,0.009437795,0.00500441,0.49380946,266,True,False
0.07939267,0.023679238,0.111208744,0.0123673845,0.0050296765,0.6447067,295,True,False
0.09038929,0.03335333,0.11697842,0.013683951,0.005030153,0.6975364,309,True,False
0.08862755,0.03160465,0.11653864,0.013581254,0.0050276928,0.6767681,277,True,False
0.09247524,0.03455256,0.117380925,0.013778281,0.0050566876,0.6228828,259,True,False
0.09481084,0.03951557,0.12008387,0.014420135,0.0050455807,0.6203147,289,True,False
0.093215324,0.039488085,0.11604322,0.013466028,0.0051035685,0.5730788,290,True,False
0.09854797,0.032602128,0.12769999,0.016307287,0.005157164,0.7293755,299,True,False
0.10039041,0.038933318,0.12641817,0.015981553,0.0050820936,0.61637247,313,True,False
0.09224533,0.0437853,0.11674801,0.013630099,0.0050049783,0.6170244,317,False,False
0.102477156,0.03730799,0.12628669,0.015948325,0.005027652,0.5697553,259,False,False
0.085790925,0.034354478,0.11408653,0.013015737,0.0052795284,0.6425397,236,False,False
0.09833586,0.044174872,0.11915202,0.014197203,0.005043364,0.54647523,241,False,False
0.098801844,0.035640042,0.11355333,0.012894359,0.0050377203,0.46893153,241,False,False
0.112742245,0.04454033,0.13448597,0.018086478,0.00506039,0.6306889,239,False,False
0.109663196,0.05690267,0.12552513,0.015756559,0.0050335024,0.552425,259,False,False
0.12501444,0.055942327,0.14131157,0.019968959,0.0050010034,0.64842886,316,False,False
0.1041501,0.05187957,0.11930891,0.014234616,0.005065389,0.60772204,286,False,False
0.10572709,0.04345078,0.12073914,0.01457794,0.005003453,0.5232901,325,False,False
0.08879965,0.029431995,0.114672996,0.013149896,0.005042349,0.67594147,316,False,False
0.09707067,0.030777307,0.1231313,0.015161316,0.0050659184,0.6075865,293,False,False
0.098757245,0.038424075,0.11700578,0.013690352,0.0050442275,0.5711341,299,False,False
0.101577416,0.045190513,0.12237474,0.014975578,0.0051115067,0.59922016,302,False,False
0.09251349,0.035589263,0.11096942,0.012314211,0.00506764,0.54035014,296,False,False
0.087889,0.037420727,0.10723652,0.01149967,0.0050217183,0.5016883,286,False,False
0.09125962,0.036769994,0.11470718,0.0131577365,0.0051714084,0.6126341,273,False,False
0.098111816,0.041814312,0.12142797,0.014744752,0.005013763,0.566682,257,False,False
