mean_score,median_score,std_score,var_score,min_score,max_score,valid_count,transform_inlier_ratio
0.00293735,1.8176081e-10,0.04556545,0.00207621,0.0,0.9961081,182,0.31868131868131866
0.0028347003,2.328102e-10,0.0376932,0.0014207773,0.0,0.9994475,96,0.5625
0.0030864822,3.2259e-10,0.039858706,0.0015887165,0.0,0.9989386,100,0.66
0.0033576079,1.060818e-09,0.039259832,0.0015413346,0.0,0.999256,69,0.5652173913043478
0.0035016756,9.320294e-09,0.041511584,0.0017232115,0.0,0.99306464,80,0.3
0.0032548027,2.4681488e-09,0.041567594,0.0017278648,0.0,0.9984348,102,0.3431372549019608
0.0032010602,3.8193946e-09,0.04327187,0.0018724545,0.0,0.9998627,127,0.7716535433070866
0.003254623,4.879104e-10,0.047519285,0.0022580824,0.0,0.99883485,161,0.4409937888198758
0.0033709856,8.955809e-10,0.039840307,0.00158725,0.0,0.9995724,83,0.6987951807228916
0.0033528646,3.2301373e-09,0.03940019,0.001552375,0.0,0.9946485,77,0.5714285714285714
0.003392534,6.5479805e-10,0.043878768,0.0019253462,0.0,0.9992678,107,0.5607476635514018
0.0033863676,4.4990525e-10,0.046747662,0.0021853438,0.0,0.99711263,138,0.5652173913043478
0.003427177,4.759732e-09,0.03622167,0.0013120095,0.0,0.99518603,50,0.68
0.0035523153,6.132121e-09,0.044513233,0.001981428,0.0,0.9994222,99,0.8787878787878788
0.0035682342,1.3830952e-09,0.04730475,0.0022377393,0.0,0.99950033,126,0.6904761904761905
0.0033026466,3.3544238e-09,0.042667598,0.0018205239,0.0,0.9955064,106,0.4716981132075472
0.0033387044,4.274363e-09,0.042365517,0.0017948372,0.0,0.99767435,98,0.6020408163265306
0.0033714569,2.0257875e-09,0.04346682,0.0018893646,0.0,0.99899864,104,0.6057692307692307
0.0033995153,1.9630629e-10,0.042612053,0.001815787,0.0,0.9996296,96,0.78125
0.0033271578,5.089176e-10,0.038659982,0.0014945942,0.0,0.9983758,65,0.6461538461538462
0.0032765996,7.102819e-10,0.040849566,0.0016686872,0.0,0.99690485,98,0.8571428571428571
0.0035053534,7.2294665e-10,0.04582983,0.0021003732,0.0,0.99901956,124,0.4596774193548387
0.0034380758,8.1555e-10,0.0473907,0.0022458783,0.0,0.9997597,139,0.539568345323741
0.0033985463,9.970472e-10,0.04360213,0.0019011459,0.0,0.9995676,103,0.7961165048543689
0.0034234873,4.996469e-09,0.04205902,0.0017689611,0.0,0.9958668,90,0.8
0.002820501,1.4555345e-09,0.03470484,0.0012044259,0.0,0.99626666,66,0.7424242424242424
0.0026202672,2.0259257e-08,0.033993863,0.0011555826,0.0,0.99750787,68,0.6911764705882353
0.003540559,4.7028237e-10,0.049153194,0.0024160363,0.0,0.99916446,137,0.6204379562043796
0.0038146973,1.0564877e-09,0.048238903,0.0023269919,0.0,0.9981316,118,0.5
0.003766531,1.085431e-09,0.050399873,0.0025401474,0.0,0.9951628,128,0.359375
0.003402922,9.673381e-09,0.036273457,0.0013157637,0.0,0.9912636,51,0.7058823529411765
0.0033184323,3.8048759e-10,0.047169626,0.0022249736,0.0,0.9992059,151,0.2980132450331126
0.0033124762,2.0407884e-09,0.044848308,0.0020113706,0.0,0.9977438,128,0.7265625
0.0033219752,3.3003622e-09,0.03761255,0.001414704,0.0,0.99847674,58,0.603448275862069
0.0033635965,1.4913095e-09,0.042797323,0.0018316108,0.0,0.99822533,103,0.6893203883495146
0.0034027959,1.2688571e-09,0.045166206,0.002039986,0.0,0.9982596,112,0.42857142857142855
0.003713935,2.2573177e-10,0.051662587,0.002669023,0.0,0.99841005,149,0.3825503355704698
0.0035134514,6.132185e-11,0.043720666,0.0019114967,0.0,0.9990697,100,0.66
0.0034510184,2.3274906e-09,0.045463502,0.00206693,0.0,0.99751735,116,0.5689655172413793
0.0036527272,1.3951658e-10,0.048646796,0.0023665107,0.0,0.9987082,129,0.6201550387596899
0.0036150475,1.3830753e-09,0.04753802,0.0022598633,0.0,0.9967419,124,0.5725806451612904
0.0033250721,2.2621331e-09,0.043396775,0.00188328,0.0,0.99591905,112,0.7232142857142857
0.0032420934,4.0160315e-09,0.04015874,0.0016127246,0.0,0.9969491,96,0.6979166666666666
0.0032301599,7.161982e-10,0.04647646,0.0021600614,0.0,0.997642,151,0.7152317880794702
0.0031432395,9.600002e-10,0.041795,0.0017468221,0.0,0.9978252,122,0.5081967213114754
0.0031957005,2.0772531e-10,0.03976595,0.0015813307,0.0,0.99754876,86,0.6162790697674418
0.0034732178,1.8035711e-09,0.04265682,0.0018196043,0.0,0.99908584,90,0.5222222222222223
0.0033871587,2.4416272e-10,0.03884531,0.0015089582,0.0,0.99903154,68,0.36764705882352944
0.003258444,3.2762895e-09,0.04003815,0.0016030535,0.0,0.9979593,87,0.632183908045977
0.0031966383,2.655426e-10,0.04117872,0.0016956868,0.0,0.9980169,101,0.594059405940594
0.0032909089,5.534621e-10,0.037167016,0.0013813872,0.0,0.9988896,68,0.4852941176470588
0.0033342766,1.6638806e-09,0.04383538,0.0019215406,0.0,0.9992883,111,0.5855855855855856
0.003125868,2.8482425e-08,0.034983933,0.0012238756,0.0,0.9974589,49,0.3469387755102041
0.0032934742,2.5690863e-09,0.031482674,0.0009911588,0.0,0.99651515,32,0.59375
0.0032419076,2.5250566e-10,0.03800295,0.0014442242,0.0,0.99817824,79,0.5443037974683544
0.003112026,8.840951e-10,0.03739458,0.0013983547,0.0,0.9986577,82,0.8170731707317073
0.0031703839,2.5845742e-10,0.045555655,0.0020753178,0.0,0.99983406,151,0.5099337748344371
0.0034122982,1.878367e-09,0.038138982,0.0014545819,0.0,0.9987395,65,0.8
0.003465801,1.5512727e-09,0.04417911,0.0019517938,0.0,0.99844,106,0.5471698113207547
0.0035032146,1.0982921e-10,0.047706507,0.002275911,0.0,0.99943936,129,0.7054263565891473
0.0035379252,2.5779426e-10,0.0413812,0.0017124037,0.0,0.9988181,70,0.5571428571428572
0.0034334154,5.4187377e-10,0.04508091,0.0020322886,0.0,0.99917877,106,0.4339622641509434
0.003404745,1.3451463e-08,0.038655423,0.0014942416,0.0,0.9972977,67,0.7611940298507462
0.0035162608,8.910874e-09,0.04481002,0.0020079378,0.0,0.99767286,92,0.6847826086956522
0.003381393,2.9614198e-09,0.043634254,0.0019039483,0.0,0.99570626,108,0.5185185185185185
0.0031502964,4.327809e-09,0.035164345,0.0012365312,3.21e-43,0.99681216,52,0.8461538461538461
0.0031249102,6.033676e-10,0.040335223,0.0016269302,0.0,0.99914104,112,0.7589285714285714
0.003194088,2.1540885e-09,0.041759506,0.0017438564,0.0,0.99675035,109,0.8348623853211009
0.0033779345,7.2211714e-10,0.039822187,0.0015858066,0.0,0.99685925,74,0.7702702702702703
0.003302249,5.9708496e-09,0.03845897,0.0014790923,0.0,0.99765575,65,0.18461538461538463
0.0031172377,5.2992183e-10,0.038114693,0.0014527298,0.0,0.9970656,79,0.25316455696202533
0.0029802427,4.1109297e-10,0.040307645,0.0016247061,0.0,0.99841344,120,0.675
0.0030131966,3.0017193e-09,0.03685791,0.0013585055,0.0,0.9977009,73,0.7808219178082192
0.003336131,2.6816784e-09,0.038795833,0.0015051166,0.0,0.9970057,71,0.7887323943661971
0.003392248,5.1725096e-10,0.048945043,0.002395617,0.0,0.9993246,157,0.5796178343949044
0.0034197953,9.827568e-10,0.04248561,0.001805027,0.0,0.9980083,99,0.494949494949495
0.0035136403,3.417004e-10,0.03856982,0.0014876309,0.0,0.99817014,65,0.7692307692307693
0.0036859985,9.832075e-10,0.04368679,0.0019085355,0.0,0.9989491,84,0.6904761904761905
0.0036733598,1.5388616e-09,0.04271738,0.0018247744,0.0,0.9988072,78,0.7564102564102564
0.0038204778,4.1497017e-10,0.050923634,0.0025932165,0.0,0.99879676,124,0.5241935483870968
0.0039009275,7.8562734e-10,0.05014491,0.002514512,0.0,0.999074,123,0.6747967479674797
0.0036442222,1.5066497e-09,0.03943472,0.001555097,0.0,0.99805164,57,0.6666666666666666
0.0036670407,2.5243811e-09,0.043597348,0.0019007287,3e-45,0.99812204,88,0.5568181818181818
0.0037045258,1.7806987e-09,0.038549367,0.0014860538,3.6217884e-38,0.9980721,47,0.7659574468085106
0.003451043,6.6068057e-10,0.043716032,0.0019110914,1e-45,0.9967077,101,0.5346534653465347
0.0033924982,1.3823949e-09,0.040376183,0.001630236,0.0,0.9985887,80,0.6375
0.0034160165,1.3175289e-09,0.042411264,0.0017987153,0.0,0.9959266,91,0.7032967032967034
0.0033652114,5.587482e-09,0.036407042,0.0013254727,0.0,0.9967988,48,0.5625
0.0036333033,8.0678375e-10,0.038862415,0.0015102872,0.0,0.9993717,57,0.6140350877192983
0.0038263137,5.8590497e-09,0.04374607,0.0019137185,0.0,0.9976134,72,0.7222222222222222
0.0038494165,2.3007749e-08,0.04134809,0.0017096645,0.0,0.99740267,58,0.7241379310344828
0.003507678,3.2466168e-09,0.03963955,0.0015712942,0.0,0.9949531,66,0.5
0.00322243,3.650179e-09,0.03474002,0.001206869,0.0,0.9981268,52,0.5192307692307693
0.0031512983,1.6335324e-09,0.0373162,0.0013924986,0.0,0.99681556,73,0.7671232876712328
0.0030766092,1.6354466e-09,0.0352678,0.0012438179,0.0,0.99982446,60,0.7166666666666667
0.003057105,2.5864139e-10,0.035950392,0.0012924307,0.0,0.9991236,58,0.8620689655172413
0.0034508025,2.1446183e-09,0.042907976,0.0018410943,0.0,0.9986082,103,0.7184466019417476
0.0033613762,8.942095e-10,0.037111443,0.0013772593,0.0,0.9989353,59,0.559322033898305
0.0034071365,2.7519802e-09,0.037168335,0.0013814851,0.0,0.99834967,58,0.5862068965517241
0.0034807166,1.2513518e-09,0.037138592,0.0013792751,1e-45,0.99836916,58,0.5689655172413793
0.0033436634,1.0450863e-08,0.04245628,0.0018025358,1.513e-42,0.9933337,103,0.5242718446601942
0.003402327,2.4176074e-09,0.044127956,0.0019472764,0.0,0.9985263,108,0.6481481481481481
0.003306975,6.7332917e-10,0.043059126,0.0018540884,0.0,0.9977329,106,0.8018867924528302
0.0031532315,3.3084349e-09,0.04162871,0.0017329495,0.0,0.99747837,116,0.6293103448275862
0.0031627028,3.1107728e-10,0.03820487,0.0014596122,0.0,0.99836713,82,0.6097560975609756
0.0031815628,2.787552e-09,0.037537925,0.001409096,0.0,0.99839056,68,0.6764705882352942
0.003312535,4.2590345e-09,0.03831472,0.0014680177,0.0,0.99691623,74,0.47297297297297297
0.003143084,1.0704144e-09,0.038654964,0.0014942064,0.0,0.9956669,81,0.6296296296296297
0.0030627775,1.3118281e-09,0.041638482,0.0017337633,0.0,0.9984605,108,0.7037037037037037
0.0030527844,4.733556e-10,0.041346166,0.0017095053,0.0,0.99846154,114,0.8070175438596491
0.0032478238,1.9255197e-10,0.04036888,0.0016296465,4.95e-43,0.9985472,87,0.5747126436781609
0.0032535405,2.7857103e-09,0.036758702,0.0013512023,1.3e-44,0.9968783,69,0.5797101449275363
0.0032799838,3.7284744e-09,0.04026572,0.0016213283,0.0,0.998213,85,0.5058823529411764
0.0034610194,1.0158283e-09,0.04177339,0.001745016,0.0,0.9989682,75,0.8133333333333334
0.0038218102,4.6002158e-09,0.041536264,0.0017252611,0.0,0.99906677,58,0.5
0.0032578318,7.3938054e-08,0.030696228,0.0009422584,0.0,0.9778104,14,0.14285714285714285
0.0036887613,1.1198237e-10,0.041956723,0.0017603666,0.0,0.99969715,67,0.47761194029850745
0.0037577306,1.0258675e-09,0.044251654,0.0019582089,0.0,0.9982901,83,0.7108433734939759
0.0037490772,5.900862e-10,0.04067429,0.001654398,0.0,0.99826485,63,0.8412698412698413
0.0036232683,2.1748467e-10,0.047817893,0.002286551,3e-45,0.9983758,125,0.768
0.0034743329,2.352004e-09,0.036992304,0.0013684304,1.36e-43,0.99723285,48,0.625
0.0033059705,7.217822e-09,0.037317608,0.0013926039,1.1568338e-38,0.99705034,60,0.8166666666666667
0.0029419619,1.782672e-08,0.035637073,0.0012700009,0.0,0.99635315,61,0.3442622950819672
0.003096241,1.3592714e-09,0.043087423,0.0018565261,0.0,0.99878055,117,0.5299145299145299
0.0032588323,2.510074e-09,0.03880772,0.001506039,0.0,0.9978142,76,0.618421052631579
0.003314579,7.061538e-10,0.040693767,0.0016559826,0.0,0.9973356,92,0.5978260869565217
0.0033062894,1.9691766e-09,0.036166463,0.001308013,0.0,0.9977547,58,0.7758620689655172
0.0031076118,2.288541e-09,0.03941222,0.0015533229,0.0,0.99812156,93,0.4731182795698925
0.0030642233,3.7045504e-09,0.040869907,0.0016703493,0.0,0.99852055,106,0.4811320754716981
0.0030894023,6.2118226e-09,0.03479429,0.0012106426,0.0,0.9951827,48,0.5625
0.003012202,2.6369622e-09,0.0329694,0.0010869814,5.42e-43,0.99942756,42,0.5476190476190477
0.003057798,1.5558967e-09,0.03522391,0.0012407236,7.883327e-39,0.99835014,60,0.75
0.0031190813,8.8242225e-10,0.03594723,0.0012922033,0.0,0.99550736,63,0.6984126984126984
0.0029219447,4.836541e-09,0.03178634,0.0010103716,4.9e-43,0.99475384,43,0.4883720930232558
0.0028997855,1.5252938e-09,0.030719506,0.00094368804,0.0,0.999112,41,0.8292682926829268
0.0030984897,4.1693826e-09,0.036444463,0.0013281989,0.0,0.99828017,62,0.5806451612903226
0.0028529833,6.20536e-10,0.037467252,0.001403795,0.0,0.9982796,96,0.5520833333333334
0.0028024123,8.68811e-10,0.038421888,0.0014762414,0.0,0.9996948,107,0.7476635514018691
0.0029689742,1.3368788e-09,0.038928553,0.0015154323,8e-45,0.9989048,95,0.9052631578947369
0.0031507688,1.3084858e-09,0.03791967,0.0014379015,0.0,0.9989353,75,0.7066666666666667
0.0032322109,2.0620738e-09,0.04339533,0.0018831545,0.0,0.9968312,121,0.7603305785123967
0.0032487176,2.6380185e-09,0.039155554,0.0015331575,1.202e-42,0.9976553,86,0.5581395348837209
0.0031786882,8.811259e-09,0.03672424,0.0013486698,0.0,0.99821734,54,0.5
0.0030663155,1.4624397e-09,0.03345276,0.0011190872,2.8e-44,0.9986248,49,0.6326530612244898
0.0030442842,4.961841e-10,0.040572077,0.0016460933,0.0,0.9981635,109,0.8073394495412844
0.003085403,3.7270792e-10,0.033982836,0.0011548331,0.0,0.99887055,56,0.8214285714285714
0.0029615206,2.3791036e-10,0.043958485,0.0019323484,0.0,0.99835867,148,0.5337837837837838
0.0029272712,4.6243596e-09,0.03912686,0.0015309113,0.0,0.99791986,110,0.5
0.00306934,8.3325324e-10,0.036506757,0.0013327434,5.3460035e-38,0.9979598,63,0.7301587301587301
0.0031173623,5.013222e-09,0.036865,0.0013590282,2.402366e-36,0.998142,72,0.4861111111111111
0.003543712,1.2594318e-09,0.042463355,0.0018031365,1e-45,0.9987048,82,0.5609756097560976
0.0034986134,2.4398032e-09,0.03957052,0.0015658261,0.0,0.99755776,64,0.515625
0.0035931196,1.37295695e-08,0.03626343,0.0013150363,0.0,0.99606913,31,0.7419354838709677
0.004370772,3.3652687e-09,0.04687383,0.002197156,6e-45,0.9971474,57,0.47368421052631576
0.003955907,7.5119555e-09,0.038450472,0.0014784387,5.92561e-40,0.9942672,27,0.6296296296296297
0.0041947444,2.4256142e-09,0.037929308,0.0014386325,2.282817e-35,0.99780136,21,0.5238095238095238
0.0040555205,1.9119284e-09,0.042773645,0.0018295847,0.0,0.99866664,49,0.6530612244897959
0.003973819,2.2041903e-08,0.037599623,0.0014137317,0.0,0.99756485,25,0.52
0.0040410017,2.4846745e-08,0.04273483,0.0018262657,0.0,0.99568546,51,0.5686274509803921
0.004033557,3.1123604e-09,0.046029538,0.0021187183,0.0,0.9982553,64,0.484375
0.0041879527,8.436577e-10,0.049375735,0.0024379632,0.0,0.99938464,81,0.6666666666666666
0.003990736,1.5496993e-09,0.044071805,0.0019423241,0.0,0.9975358,58,0.7586206896551724
0.0039524073,7.668106e-09,0.04730474,0.0022377383,0.0,0.9983043,77,0.6623376623376623
0.003700462,9.956429e-10,0.03873113,0.0015001006,2.86554e-40,0.9970704,43,0.7906976744186046
0.0034491287,3.4415517e-09,0.040444974,0.0016357958,2e-44,0.9971383,68,0.6176470588235294
0.0035075373,2.9803144e-09,0.03726739,0.0013888583,0.0,0.9994298,49,0.40816326530612246
0.0034414576,5.7905964e-09,0.036959283,0.0013659885,0.0,0.9978352,39,0.46153846153846156
0.003296232,4.4795576e-09,0.036433388,0.0013273917,0.0,0.9982525,46,0.6304347826086957
0.0032652365,1.478247e-09,0.033889394,0.0011484912,0.0,0.9969144,35,0.6571428571428571
0.0034072604,2.553198e-09,0.041871186,0.0017531961,0.0,0.99645394,99,0.6161616161616161
0.003338275,2.2256565e-09,0.03409338,0.0011623584,0.0,0.9975759,41,0.7560975609756098
0.0031570315,3.911153e-10,0.036548283,0.001335777,0.0,0.9955709,62,0.6935483870967742
0.0029450953,4.1336215e-10,0.03381893,0.00114372,4.921e-42,0.99970716,50,0.74
0.0030670622,3.6457712e-09,0.035788186,0.0012807942,0.0,0.99856913,60,0.6333333333333333
0.002955543,1.3790686e-09,0.03409212,0.0011622726,0.0,0.99787897,56,0.7142857142857143
0.0030174141,3.897356e-09,0.037313644,0.001392308,0.0,0.997047,79,0.6582278481012658
0.0030078525,3.450122e-10,0.036851894,0.0013580621,0.0,0.9981202,78,0.6538461538461539
0.00300327,5.0067217e-10,0.037736163,0.0014240181,0.0,0.9984477,92,0.5
0.003101336,5.153157e-09,0.036696807,0.0013466557,0.0,0.9954304,59,0.6101694915254238
0.0036412731,1.6497307e-08,0.03925887,0.001541259,6.145e-42,0.9977138,44,0.45454545454545453
0.0044411225,1.23926664e-08,0.048603904,0.0023623395,0.0,0.99921584,67,0.40298507462686567
0.0042041815,1.1498407e-08,0.0374014,0.0013988647,1e-45,0.9923088,19,0.5789473684210527
0.0038727,1.59185e-08,0.04407928,0.001942983,0.0,0.99676937,62,0.6290322580645161
0.0033764036,8.787184e-07,0.029452933,0.00086747523,0.0,0.9910118,12,0.3333333333333333
0.0035399424,8.736343e-08,0.033774074,0.0011406881,4.8e-44,0.9896126,19,0.3157894736842105
0.003708596,1.2380239e-09,0.03894978,0.0015170854,7.15e-43,0.9964467,47,0.5319148936170213
0.0033522253,1.7006536e-09,0.042585745,0.0018135457,0.0,0.999408,93,0.6451612903225806
0.0034145252,1.8190831e-09,0.033895217,0.0011488857,1.0864e-41,0.9961641,37,0.5675675675675675
0.0034883232,4.81601e-10,0.038243096,0.0014625345,3.488e-42,0.99895525,59,0.6779661016949152
0.0032811922,2.0181168e-09,0.040578686,0.0016466299,0.0,0.99823636,85,0.5411764705882353
0.0031506915,1.4333347e-09,0.041282006,0.0017042041,0.0,0.9981787,104,0.4326923076923077
0.0031128612,1.8108199e-09,0.040460058,0.0016370163,0.0,0.9996372,97,0.5567010309278351
0.003362187,5.3797873e-09,0.036417253,0.0013262164,0.0,0.99861574,48,0.7083333333333334
0.0034879532,7.768867e-09,0.03356985,0.0011269348,5.4114384e-37,0.9968606,27,0.5185185185185185
0.0036052382,8.664297e-10,0.03615354,0.0013070785,2.6e-43,0.99885005,33,0.7272727272727273
0.0034762113,1.5772194e-08,0.038017727,0.0014453477,0.0,0.9956056,47,0.574468085106383
0.003875297,4.2614077e-09,0.043771636,0.001915956,0.0,0.99921876,64,0.671875
0.003972405,5.4746367e-09,0.0381371,0.0014544383,1.56618e-40,0.9975753,32,0.71875
0.0037043924,2.9066938e-10,0.0405539,0.0016446188,0.0,0.9970137,48,0.6458333333333334
0.0035077175,6.3972494e-10,0.039330743,0.0015469072,0.0,0.99911356,55,0.6727272727272727
0.0037982208,1.4589392e-09,0.042936202,0.0018435174,0.0,0.99937266,58,0.3793103448275862
0.003829986,5.688749e-09,0.041660458,0.0017355938,1.29e-43,0.9980602,46,0.43478260869565216
0.0039829873,4.2787796e-09,0.039421007,0.0015540158,0.0,0.9978884,34,0.7941176470588235
0.00397851,4.0919534e-09,0.046061143,0.002121629,0.0,0.9982677,76,0.5
0.0038585367,4.3151567e-09,0.03932452,0.0015464176,0.0,0.99712545,40,0.5
0.0037522996,5.3711338e-09,0.037677523,0.0014195958,4e-45,0.9961484,38,0.6842105263157895
0.00393611,7.762361e-10,0.047489766,0.002255278,0.0,0.9986324,88,0.8068181818181818
0.004084054,1.1842133e-08,0.03981981,0.0015856174,0.0,0.99795026,37,0.5135135135135135
0.0040894337,2.0643514e-08,0.04152637,0.0017244393,0.0,0.9970932,44,0.6136363636363636
0.003800671,1.3415149e-09,0.042283975,0.0017879346,0.0,0.99875855,62,0.6129032258064516
0.0037662527,9.317823e-09,0.040239133,0.0016191878,0.0,0.99847573,43,0.6046511627906976
0.004140004,1.351099e-08,0.041074082,0.0016870804,0.0,0.99780613,41,0.7560975609756098
0.004509676,1.5448491e-09,0.047907956,0.002295172,0.0,0.99859387,64,0.59375
0.0044110436,1.5397408e-09,0.04977487,0.0024775376,0.0,0.99852055,76,0.6447368421052632
0.004410202,1.5673538e-09,0.048133012,0.002316787,0.0,0.9983782,63,0.6984126984126984
0.0040857447,5.73685e-09,0.045401216,0.0020612704,1.631e-42,0.9959204,68,0.5147058823529411
0.0033128976,4.454296e-09,0.036900423,0.0013616413,0.0,0.99656266,47,0.6170212765957447
0.003232057,1.6045256e-09,0.03862279,0.0014917197,0.0,0.9984443,72,0.6111111111111112
0.0033968939,7.719491e-10,0.037384544,0.0013976041,1.85e-43,0.99925786,49,0.6530612244897959
0.0035087916,4.2493946e-09,0.03999726,0.0015997809,0.0,0.99717116,59,0.7288135593220338
0.0031747732,1.8484452e-09,0.038253788,0.0014633522,0.0,0.99511623,66,0.7272727272727273
0.0030728674,3.0598195e-09,0.03574833,0.0012779429,1.87e-42,0.9972496,60,0.5
0.002866559,1.1135151e-08,0.028882904,0.0008342222,2.583944e-39,0.98953664,23,0.7391304347826086
0.0026178064,1.6746515e-09,0.026224498,0.00068772427,0.0,0.99654555,17,0.5294117647058824
0.0026712597,1.8698059e-09,0.03462507,0.0011988954,0.0,0.99907494,80,0.775
0.0028834858,2.2421245e-09,0.036116824,0.0013044248,0.0,0.9993069,82,0.7439024390243902
0.0029928815,3.2214298e-10,0.034739845,0.0012068567,0.0,0.99967146,54,0.8148148148148148
0.003045017,6.83674e-09,0.036817227,0.0013555081,0.0,0.99727,70,0.37142857142857144
0.002958722,1.9252304e-09,0.034704853,0.0012044267,0.0,0.9981645,58,0.5517241379310345
0.003282005,1.4176624e-10,0.035321794,0.0012476293,3.6e-44,0.99885195,47,0.6595744680851063
0.0034069358,2.2066793e-09,0.036566827,0.0013371329,0.0,0.99928355,51,0.6274509803921569
0.0036395455,1.2035107e-09,0.04146896,0.0017196744,0.0,0.99671525,59,0.5084745762711864
0.0039042723,1.7253484e-08,0.04033059,0.0016265563,0.0,0.99785084,46,0.5434782608695652
0.004271674,1.1181578e-08,0.04706187,0.0022148197,2.5382e-41,0.99750453,59,0.3220338983050847
0.0047786287,1.5278218e-08,0.046272602,0.0021411537,0.0,0.99902385,37,0.5945945945945946
0.004960807,8.566583e-08,0.04051926,0.0016418104,0.0,0.9968826,15,0.4666666666666667
0.004128685,1.5930315e-08,0.04480589,0.0020075678,0.0,0.9988439,51,0.6470588235294118
0.0037508681,2.421209e-09,0.03799623,0.0014437134,5.220748e-39,0.99755824,40,0.7
0.003402363,6.6922405e-09,0.043141153,0.001861159,0.0,0.99806595,89,0.8764044943820225
0.00338265,2.3870568e-09,0.03892292,0.0015149937,0.0,0.9969548,62,0.7096774193548387
0.0031847283,4.34854e-09,0.035670947,0.0012724166,1.2599e-40,0.99634075,49,0.5102040816326531
0.003071573,1.5281272e-09,0.036591824,0.0013389615,1.5e-44,0.9980474,63,0.6984126984126984
0.003070025,4.1981263e-09,0.031785328,0.001010307,5.8452e-41,0.9986577,25,0.72
0.003427754,5.2291205e-10,0.043732498,0.0019125312,0.0,0.999132,98,0.6326530612244898
0.0036591827,1.3607949e-08,0.03831944,0.0014683795,1.5005448e-34,0.999094,47,0.7021276595744681
0.00379666,4.7428577e-09,0.040902197,0.0016729898,0.0,0.99776804,48,0.4791666666666667
0.003685473,1.1735522e-08,0.034984495,0.001223915,0.0,0.9978856,19,0.631578947368421
0.0040990044,1.080808e-08,0.039189763,0.0015358374,0.0,0.9965822,23,0.8260869565217391
0.004096457,3.7186878e-09,0.040947784,0.001676721,0.0,0.9983129,43,0.6046511627906976
0.004109854,2.8510647e-09,0.040504914,0.0016406481,1e-45,0.99635977,35,0.7142857142857143
0.0041278503,4.3170623e-09,0.039609384,0.0015689033,7.872936e-37,0.99922544,28,0.5357142857142857
0.0041636936,1.2095798e-08,0.044524025,0.0019823888,0.0,0.9991735,51,0.7254901960784313
0.0041441447,4.0892933e-09,0.041453492,0.0017183919,1e-45,0.99645483,39,0.717948717948718
0.0037486034,3.2057768e-09,0.042223178,0.0017827968,0.0,0.9971393,66,0.7424242424242424
0.0038883742,1.4293379e-09,0.045251753,0.0020477213,0.0,0.99774945,72,0.5833333333333334
0.0037918605,5.2277533e-09,0.04307528,0.0018554796,0.0,0.9987157,63,0.7301587301587301
0.0038225148,1.4492266e-09,0.042544734,0.0018100543,0.0,0.9980964,62,0.6612903225806451
0.0033203766,1.7457195e-08,0.03400269,0.0011561831,0.0,0.9984077,26,0.5769230769230769
0.0033718764,7.9002715e-10,0.045272715,0.0020496186,0.0,0.99878484,111,0.7207207207207207
0.0035269689,6.3322836e-10,0.038420934,0.001476168,0.0,0.99857,54,0.7037037037037037
0.0032714638,4.2198475e-10,0.039888967,0.0015911297,0.0,0.9985295,79,0.6455696202531646
0.003197,8.427828e-10,0.042890258,0.0018395742,0.0,0.9995046,107,0.794392523364486
0.0034896864,1.5502744e-09,0.041875143,0.0017535276,0.0,0.9992531,80,0.8125
0.00358236,2.2903182e-09,0.039389756,0.0015515529,0.0,0.99913675,53,0.4528301886792453
0.0036955073,1.1816681e-08,0.039916024,0.0015932891,0.0,0.9990811,56,0.6964285714285714
0.0036281375,4.462221e-09,0.037512794,0.0014072098,3.6e-44,0.998631,45,0.7111111111111111
0.0038238715,7.470629e-09,0.035311878,0.0012469286,0.0,0.9928417,21,0.9047619047619048
0.003902497,1.7741037e-08,0.037908677,0.0014370679,0.0,0.9958758,33,0.5151515151515151
0.00369168,3.2937223e-08,0.035530817,0.0012624388,0.0,0.99619734,26,0.8076923076923077
0.0035767923,3.5829355e-09,0.03938146,0.0015508995,0.0,0.99793893,55,0.7454545454545455
0.003478064,1.9063947e-08,0.03648012,0.0013307993,1.51e-43,0.99459493,38,0.7368421052631579
0.0035551956,2.0425037e-09,0.03967714,0.0015742754,0.0,0.996537,59,0.6949152542372882
0.0035033084,2.1619417e-09,0.033129178,0.0010975425,1.3e-43,0.9919677,28,0.6428571428571429
0.0031142836,1.8516826e-09,0.041037027,0.0016840376,0.0,0.99810207,100,0.53
0.002991019,9.882212e-09,0.032496776,0.0010560405,0.0,0.9955377,40,0.6
0.0030585753,6.6447097e-09,0.032086086,0.0010295169,0.0,0.9966092,33,0.45454545454545453
0.0031809239,1.7945712e-08,0.034227807,0.0011715427,0.0,0.9976824,47,0.40425531914893614
0.003112554,1.8801916e-09,0.039138127,0.0015317929,0.0,0.99894434,85,0.5882352941176471
0.0029942042,2.719187e-09,0.03834479,0.0014703228,0.0,0.9969785,97,0.4020618556701031
0.002956689,3.541642e-09,0.034605402,0.0011975339,0.0,0.9962268,57,0.5263157894736842
0.002972129,2.5304314e-09,0.032660566,0.0010667127,0.0,0.99767864,49,0.7346938775510204
0.0028774324,1.1403503e-09,0.035306685,0.0012465619,0.0,0.999003,71,0.6338028169014085
0.002969735,3.3355505e-09,0.03177649,0.0010097454,2.521e-42,0.9964909,41,0.5609756097560976
0.0030583357,4.8493294e-09,0.032878276,0.001080981,4e-45,0.99700326,38,0.8157894736842105
0.00328239,2.643176e-09,0.03659148,0.0013389365,0.0,0.9974322,55,0.5636363636363636
0.0031732314,1.0300571e-08,0.036412023,0.0013258355,0.0,0.99541,52,0.38461538461538464
0.003238198,7.589221e-09,0.034011014,0.0011567491,0.0,0.9974312,44,0.6136363636363636
0.0032711865,1.7898221e-09,0.038336013,0.0014696497,0.0,0.99698716,61,0.6557377049180327
0.0034099745,9.734331e-09,0.04025453,0.0016204271,0.0,0.9980297,64,0.515625
0.0037052156,3.4242525e-10,0.046080355,0.0021233992,0.0,0.99832386,86,0.45348837209302323
0.0039710887,9.156617e-09,0.047296427,0.002236952,0.0,0.9977547,77,0.5584415584415584
0.0042917626,2.165893e-08,0.041318435,0.0017072132,0.0,0.99844724,32,0.53125
0.0042739906,6.9799917e-09,0.042734176,0.00182621,0.0,0.9965589,43,0.6511627906976745
0.004045345,1.1473235e-08,0.03820431,0.0014595691,2.6937e-41,0.9974945,34,0.7941176470588235
0.003862651,1.0781736e-08,0.036714945,0.0013479871,0.0,0.99440664,25,0.64
0.0036965506,5.2930234e-09,0.043216836,0.0018676948,0.0,0.99746305,75,0.68
0.0035661897,2.9202294e-09,0.039275885,0.0015425951,0.0,0.9972805,52,0.6923076923076923
0.0030632,8.301081e-09,0.03180331,0.0010114505,0.0,0.99755013,35,0.7428571428571429
0.0029304766,8.276789e-09,0.03264625,0.0010657777,1.22857e-40,0.99680126,49,0.6530612244897959
0.002852455,1.4795708e-08,0.027219797,0.0007409173,5.69e-43,0.9912268,14,0.6428571428571429
0.0029987125,3.5753063e-09,0.032259975,0.0010407061,0.0,0.9978556,41,0.6585365853658537
0.0032644023,8.753105e-10,0.035212103,0.0012398921,0.0,0.9969372,51,0.7450980392156863
0.0034862156,9.724288e-10,0.036361866,0.0013221852,0.0,0.9998445,45,0.7777777777777778
0.00359833,6.3549424e-09,0.04257655,0.0018127626,0.0,0.9974973,66,0.6666666666666666
0.0032713185,8.261257e-10,0.03772217,0.001422962,0.0,0.99684644,58,0.7241379310344828
0.003393068,4.4030695e-09,0.03612221,0.0013048141,4.2e-44,0.9985919,38,0.6578947368421053
0.0037494656,4.7766893e-09,0.04090165,0.0016729451,0.0,0.99822396,54,0.7037037037037037
0.0037613653,2.8084976e-08,0.036331393,0.0013199702,0.0,0.9969933,25,0.68
0.0043352777,2.4884887e-09,0.04100217,0.0016811778,0.0,0.99530894,28,0.5357142857142857
0.0044506076,8.064073e-09,0.041447792,0.0017179195,0.0,0.9994375,29,0.5862068965517241
0.0048200563,5.6680616e-09,0.0448762,0.0020138733,0.0,0.99717253,30,0.7
0.0039263926,1.2223915e-08,0.03973835,0.0015791364,1.51e-43,0.99601114,31,0.7096774193548387
0.0037824367,2.621804e-09,0.042037103,0.001767118,0.0,0.9978708,51,0.6666666666666666
0.0041216975,1.0619744e-08,0.035587158,0.0012664458,0.0,0.9970214,12,0.4166666666666667
0.004380238,1.2496385e-08,0.04613661,0.0021285866,0.0,0.996366,48,0.625
0.0046392693,4.9714135e-09,0.044015355,0.0019373517,6.14e-43,0.9984377,38,0.7894736842105263
0.0039826506,9.360244e-09,0.04384633,0.0019225008,0.0,0.997184,53,0.39622641509433965
0.0038232543,1.2930954e-08,0.039199557,0.0015366052,0.0,0.9982634,37,0.5675675675675675
0.0039153164,1.0756748e-08,0.04063805,0.001651451,0.0,0.99747455,41,0.43902439024390244
0.003999715,3.710172e-09,0.046232436,0.0021374382,0.0,0.99953663,73,0.7808219178082192
0.0038264415,1.6234036e-09,0.04663515,0.0021748373,0.0,0.9991077,80,0.4625
0.0032125663,2.7794003e-09,0.028937217,0.0008373625,1.195792e-39,0.99585867,13,0.6923076923076923
0.0029867757,1.0440468e-09,0.037213244,0.0013848256,0.0,0.99866956,77,0.5844155844155844
0.002855191,8.5807725e-09,0.03316583,0.0010999724,0.0,0.99671525,46,0.6086956521739131
0.0032456936,2.5415614e-09,0.04128057,0.0017040855,0.0,0.9991988,82,0.7804878048780488
0.0037274184,1.271625e-09,0.04711841,0.0022201447,0.0,0.99947464,89,0.6404494382022472
0.0038656425,8.773862e-09,0.03896205,0.0015180414,2.41e-43,0.996575,37,0.7297297297297297
0.0038145646,1.2472424e-09,0.04214911,0.0017765478,0.0,0.9983705,51,0.803921568627451
0.0038126218,1.1397593e-08,0.038594253,0.0014895165,0.0,0.995807,38,0.6578947368421053
0.0036516057,2.1598861e-08,0.041314017,0.0017068482,0.0,0.9967172,53,0.1320754716981132
0.003616274,2.6597831e-08,0.037085038,0.0013753,0.0,0.99702656,32,0.21875
0.0035216021,1.5700481e-09,0.038788855,0.0015045751,0.0,0.99929214,52,0.5192307692307693
0.0035778342,1.3300494e-10,0.04416814,0.0019508247,0.0,0.9994208,78,0.46153846153846156
0.003860553,5.1940647e-09,0.03845067,0.0014784539,0.0,0.99692684,36,0.4722222222222222
0.0038402567,2.763862e-08,0.033636227,0.0011313958,2.178144e-37,0.9936193,13,0.5384615384615384
0.0032527882,2.353173e-09,0.03735993,0.0013957643,0.0,0.9961322,49,0.5510204081632653
0.0029096392,7.584177e-09,0.031655803,0.0010020898,8.501667e-38,0.99671614,38,0.8421052631578947
0.0029191633,1.9766573e-09,0.035596125,0.001267084,0.0,0.9956212,71,0.43661971830985913
0.0028907768,2.0816122e-08,0.03378821,0.0011416433,0.0,0.9949445,54,0.5
0.003338766,1.0424301e-09,0.036036897,0.0012986581,0.0,0.99666625,57,0.5087719298245614
0.0033231035,7.404156e-10,0.036671583,0.0013448049,1.05e-43,0.9989382,56,0.625
0.0029758904,1.8164793e-09,0.037119206,0.0013778354,0.0,0.9973399,76,0.6578947368421053
0.0028334458,1.7207694e-09,0.030130524,0.0009078485,1.82624e-40,0.99414724,32,0.75
0.002931319,4.2999218e-10,0.03516855,0.001236827,0.0,0.99748164,71,0.8169014084507042
0.0028424303,1.9881632e-09,0.0343774,0.0011818055,0.0,0.99829817,72,0.6388888888888888
0.0029000172,1.9260715e-09,0.03294459,0.001085346,6.013223e-37,0.99872625,55,0.7090909090909091
0.00319877,2.0487991e-09,0.034877326,0.0012164278,0.0,0.9968212,46,0.5652173913043478
0.0032216527,3.325745e-09,0.034141857,0.0011656665,0.0,0.9940108,40,0.625
0.0033795766,2.2971385e-09,0.038397063,0.0014743345,0.0,0.9972177,58,0.7068965517241379
0.0037051993,3.241796e-10,0.039768964,0.0015815706,0.0,0.9990539,50,0.54
0.0041463743,5.1512457e-09,0.039422106,0.0015541025,3.788758e-39,0.99838823,26,0.46153846153846156
0.0038326592,3.990354e-09,0.044792082,0.0020063308,0.0,0.99723196,74,0.43243243243243246
0.003928675,7.892751e-09,0.040364906,0.0016293257,1e-45,0.99594176,37,0.5135135135135135
0.004349038,1.3259207e-08,0.044532713,0.0019831625,4.621e-42,0.9975963,48,0.7083333333333334
0.0043128007,7.0215807e-09,0.045443736,0.002065133,0.0,0.9955539,53,0.7547169811320755
0.0045460407,3.965407e-09,0.046304993,0.0021441525,0.0,0.99935836,54,0.6481481481481481
0.004879319,1.2051341e-08,0.04828813,0.0023317432,0.0,0.99808395,44,0.6363636363636364
0.0052944124,4.6991794e-08,0.044828348,0.0020095808,0.0,0.99568546,22,0.6818181818181818
0.005608602,1.1786115e-08,0.047897812,0.0022942005,0.0,0.99099284,29,0.5172413793103449
0.004414647,5.7855488e-08,0.041096825,0.0016889491,1.86e-43,0.9945988,27,0.7777777777777778
0.003805295,3.269089e-09,0.03961087,0.001569021,0.0,0.9989557,38,0.631578947368421
0.0038185997,5.9690852e-09,0.04243293,0.0018005536,0.0,0.9968008,65,0.47692307692307695
0.0035864352,3.2704627e-08,0.034249242,0.0011730106,0.0,0.9948719,27,0.5555555555555556
0.0031669592,5.4598344e-09,0.034386452,0.001182428,1e-45,0.9947107,45,0.6666666666666666
0.0028850122,3.5329486e-09,0.030848712,0.000951643,1.493204e-39,0.9974008,39,0.5128205128205128
0.0027820172,1.3605567e-09,0.035551265,0.0012638924,0.0,0.99957573,79,0.6708860759493671
0.0028356751,4.979392e-09,0.029611051,0.00087681436,0.0,0.9964719,27,0.5555555555555556
0.00349259,1.9455726e-09,0.04198295,0.001762568,0.0,0.99865,75,0.5333333333333333
0.0031368567,1.4506454e-09,0.0341444,0.0011658402,6.6712322e-37,0.9968611,47,0.44680851063829785
0.0031493793,1.5206991e-08,0.03198455,0.0010230114,1.0944e-41,0.9949735,27,0.5185185185185185
0.0035853854,3.916728e-09,0.034585543,0.0011961599,2.4853183e-37,0.99339527,20,0.25
0.0034471687,2.8084656e-08,0.03826116,0.0014639165,0.0,0.99892294,48,0.22916666666666666
0.003855595,3.243584e-09,0.04413502,0.0019478999,0.0,0.99915016,63,0.6666666666666666
0.0039514266,1.0278315e-08,0.04296488,0.001845981,0.0,0.99635404,50,0.82
0.0041044718,1.4097e-08,0.042373087,0.0017954784,0.0,0.9979459,48,0.625
0.004111727,8.416217e-09,0.04251741,0.0018077302,0.0,0.99719584,49,0.7755102040816326
0.003774892,9.359473e-10,0.039247658,0.0015403787,0.0,0.9981645,42,0.6190476190476191
0.0036605573,7.777237e-09,0.035875943,0.0012870833,0.0,0.9970137,28,0.6428571428571429
0.004008683,1.8088777e-08,0.03804513,0.0014474321,0.0,0.99751264,27,0.25925925925925924
0.0032597852,1.5639835e-06,0.030569542,0.00093449693,0.0,0.96858317,10,0.2
0.0038840887,3.5668606e-09,0.040133275,0.0016106798,0.0,0.9982001,46,0.717391304347826
0.0038561746,2.4329802e-10,0.049105637,0.0024113636,0.0,0.99931073,98,0.6122448979591837
0.0037210097,2.768521e-10,0.0450607,0.0020304667,0.0,0.99976736,80,0.575
0.003678373,5.290614e-10,0.04312297,0.0018595906,0.0,0.9989362,75,0.6
0.0037002384,2.5265331e-10,0.04758729,0.0022645502,0.0,0.9998622,102,0.49019607843137253
0.0036110822,3.1845002e-10,0.045446254,0.002065362,0.0,0.9984005,90,0.4777777777777778
0.0035790093,3.9936793e-10,0.042762768,0.0018286542,0.0,0.99965966,70,0.6285714285714286
0.0038836347,1.854795e-09,0.041626155,0.0017327367,0.0,0.99930507,46,0.8043478260869565
0.0037908345,1.7810601e-09,0.04389565,0.0019268282,0.0,0.99752736,70,0.5857142857142857
0.0035016509,1.7043036e-09,0.040078584,0.0016062928,0.0,0.9986486,67,0.7910447761194029
0.0032387823,1.1580199e-09,0.037794065,0.0014283914,0.0,0.9992497,54,0.7592592592592593
0.0033731405,7.781499e-10,0.036481157,0.0013308747,0.0,0.99875903,49,0.6122448979591837
0.0034035174,2.6949247e-09,0.033879094,0.001147793,0.0,0.99701273,23,0.6956521739130435
0.0031907882,4.5467345e-09,0.035568804,0.0012651397,3.08e-43,0.998301,50,0.82
0.0035539307,1.857422e-09,0.0381436,0.0014549342,0.0,0.99932647,45,0.7111111111111111
0.0035195593,2.132451e-09,0.03740496,0.001399131,0.0,0.99850994,41,0.5609756097560976
0.0031748249,2.6289975e-09,0.038756028,0.0015020297,0.0,0.99911636,65,0.4
0.003176532,4.1253294e-09,0.038486127,0.0014811818,0.0,0.9968131,71,0.5915492957746479
0.0032721653,6.1549708e-09,0.036158517,0.0013074385,0.0,0.99922216,41,0.8048780487804879
0.0036206942,1.2429281e-08,0.039509896,0.001561032,0.0,0.99496305,44,0.5
0.0035015012,2.550532e-08,0.03464619,0.0012003586,0.0,0.99830335,29,0.8620689655172413
0.0035930062,1.5515611e-09,0.03572943,0.0012765923,3.6032e-41,0.9979959,31,0.4838709677419355
0.0033516288,1.7281635e-09,0.038160186,0.0014561997,0.0,0.9985263,61,0.4426229508196721
0.0033939623,1.7833036e-09,0.038125318,0.0014535398,0.0,0.99717826,53,0.6037735849056604
0.0035360085,2.4298974e-09,0.034006745,0.0011564587,2.9836e-41,0.99639547,27,0.48148148148148145
0.0033792784,2.1951982e-09,0.035968848,0.0012937579,0.0,0.99868387,46,0.5
0.002867723,1.3732096e-08,0.03026296,0.0009158468,8e-45,0.9921228,25,0.68
0.0028758277,2.905962e-08,0.031730466,0.0010068225,0.0,0.9981525,32,0.6875
0.00342172,5.848621e-09,0.034279495,0.0011750838,0.0,0.9978352,32,0.71875
0.003434042,3.494557e-09,0.039969757,0.0015975814,0.0,0.9987043,69,0.6376811594202898
0.0034385198,2.5806397e-09,0.038246788,0.0014628167,4.3359e-41,0.9977961,61,0.3442622950819672
0.0031398537,4.424153e-09,0.035707824,0.0012750486,0.0,0.9955658,52,0.36538461538461536
0.0029035206,3.1343832e-09,0.033643037,0.0011318539,0.0,0.99825484,46,0.43478260869565216
0.00308497,3.1079678e-10,0.036282774,0.0013164398,0.0,0.99814016,66,0.6515151515151515
0.0029893913,2.486011e-10,0.03670466,0.0013472319,0.0,0.99688727,74,0.4189189189189189
0.0027713943,1.3136846e-09,0.030400535,0.00092419254,1e-45,0.99809974,44,0.7045454545454546
0.002808565,2.930961e-10,0.040322218,0.0016258813,0.0,0.99965626,124,0.532258064516129
0.0029154764,5.8823235e-09,0.031626474,0.0010002339,0.0,0.99736035,46,0.5652173913043478
0.0029523205,2.4505136e-09,0.036335684,0.0013202819,0.0,0.99851626,68,0.5
0.003155787,2.4553584e-09,0.036460977,0.0013294029,0.0,0.99877286,55,0.6363636363636364
0.003199949,1.5962762e-09,0.035761174,0.0012788617,0.0,0.9990506,43,0.46511627906976744
0.003362288,3.96298e-09,0.032887556,0.0010815914,1.25e-43,0.9987009,23,0.8260869565217391
0.0037714941,4.2788063e-08,0.036988083,0.0013681183,5.8579365e-34,0.99643916,36,0.5277777777777778
0.0038830005,1.4038204e-09,0.04791348,0.0022957018,0.0,0.99890006,85,0.5882352941176471
0.0038481513,6.5600227e-09,0.042266987,0.0017864984,0.0,0.9927769,47,0.7021276595744681
0.0049666697,1.5249512e-08,0.047054105,0.0022140888,0.0,0.9983667,33,0.7272727272727273
0.0055765323,2.1825302e-08,0.047321253,0.002239301,4.2934e-40,0.9974374,25,0.84
0.004925895,1.23853345e-08,0.044209447,0.0019544752,0.0,0.9976191,22,0.5
0.00452214,2.8999606e-08,0.041355837,0.0017103052,0.0,0.99581647,28,0.6428571428571429
0.0046878364,1.8235983e-08,0.04432353,0.0019645754,0.0,0.9985433,40,0.575
0.004522242,7.0561974e-09,0.047855645,0.002290163,0.0,0.998391,55,0.41818181818181815
0.0036875657,4.2192703e-09,0.040698446,0.0016563636,0.0,0.99203396,52,0.6346153846153846
0.0035139772,7.890592e-09,0.03846717,0.001479723,3e-44,0.9976791,51,0.6470588235294118
0.0034140742,7.74123e-09,0.03341829,0.0011167821,2.846107e-37,0.987651,19,0.5263157894736842
0.0030238943,1.1448719e-08,0.03264225,0.0010655164,4.2e-44,0.9879095,43,0.627906976744186
0.0028530876,2.6302058e-09,0.036437985,0.0013277266,0.0,0.9981645,69,0.21739130434782608
0.0031486757,1.9298216e-08,0.034008574,0.0011565831,0.0,0.9909404,37,0.21621621621621623
0.003411882,8.9561905e-09,0.034589253,0.0011964164,0.0,0.9961555,38,0.8947368421052632
0.003402378,5.6008034e-09,0.035169702,0.001236908,3.2154062e-37,0.99893004,34,0.6764705882352942
0.0035718377,1.8244288e-08,0.03870621,0.0014981705,5.1886e-41,0.9950707,45,0.6888888888888889
0.0034823923,2.0756474e-08,0.033672426,0.0011338321,6.453e-42,0.98987305,19,0.5789473684210527
0.00361248,5.6148313e-09,0.03923066,0.0015390448,0.0,0.9992422,54,0.6481481481481481
0.003712326,1.5755348e-09,0.039318893,0.0015459755,0.0,0.9965645,43,0.5348837209302325
0.0030635267,5.727709e-09,0.037060976,0.0013735159,0.0,0.9978003,64,0.71875
0.0029356685,3.8931844e-09,0.03414318,0.0011657567,2.335272e-39,0.9976639,53,0.41509433962264153
0.0028576185,2.9414394e-08,0.032889564,0.0010817235,1.5e-44,0.9949042,37,0.4594594594594595
0.0034013556,2.9825767e-08,0.033813477,0.0011433511,0.0,0.99492276,27,0.7777777777777778
0.0037116178,1.24853905e-08,0.033667687,0.0011335133,8.258332e-35,0.9835805,19,0.3157894736842105
0.003580917,3.3914689e-09,0.037948407,0.0014400815,0.0,0.99552435,39,0.3333333333333333
0.0035571454,3.0314253e-09,0.039167807,0.001534117,0.0,0.9988476,52,0.7115384615384616
0.003909521,2.821799e-09,0.044094294,0.0019443069,0.0,0.9960624,68,0.6764705882352942
0.003913282,6.634496e-09,0.04288841,0.0018394158,0.0,0.9994489,50,0.6
0.004506241,1.8693672e-08,0.04720294,0.0022281175,0.0,0.99764335,41,0.5365853658536586
0.004764816,4.9486486e-09,0.04493819,0.0020194412,6.2195e-41,0.9984229,30,0.7333333333333333
0.004222298,2.4067667e-08,0.042136975,0.0017755246,0.0,0.9981449,37,0.6216216216216216
0.0040420946,3.407902e-08,0.038884882,0.001512034,0.0,0.9995333,26,0.8461538461538461
0.004408636,1.4592822e-08,0.04025565,0.0016205175,1.790775e-39,0.9968217,24,0.7083333333333334
0.004764421,3.422624e-08,0.04283127,0.0018345175,0.0,0.99226665,26,0.6153846153846154
0.004361363,1.939458e-08,0.04609169,0.002124444,0.0,0.9979375,51,0.7254901960784313
0.0042043873,6.279276e-09,0.043301836,0.0018750491,0.0,0.9972905,38,0.6842105263157895
0.0037457738,3.9724473e-09,0.03890252,0.0015134063,4e-45,0.99575424,41,0.7560975609756098
0.003706032,2.734285e-09,0.0432879,0.0018738421,0.0,0.99739933,68,0.5294117647058824
0.0039672223,3.155594e-09,0.046148945,0.0021297252,0.0,0.9992488,64,0.625
0.0033282684,1.3106364e-09,0.04092626,0.0016749586,0.0,0.99910724,62,0.6935483870967742
0.0028779309,2.8626408e-09,0.031917103,0.0010187014,0.0,0.9980964,44,0.8409090909090909
0.0029472213,3.5790026e-10,0.041243747,0.0017010466,0.0,0.9989191,119,0.7647058823529411
0.0032448936,4.2914805e-09,0.037535828,0.0014089383,6e-45,0.9985295,59,0.7627118644067796
0.0036183908,2.1475146e-09,0.036929194,0.0013637653,0.0,0.99783367,42,0.8333333333333334
0.0034999298,3.5754276e-08,0.038220428,0.001460801,7.948871e-35,0.9970812,47,0.40425531914893614
0.003648042,6.6098975e-09,0.035089385,0.001231265,4.604728e-39,0.99763966,25,0.52
0.0035891645,6.3778295e-08,0.03556499,0.0012648685,0.0,0.9939416,31,0.5806451612903226
0.0036136946,1.7082456e-08,0.03797874,0.0014423846,1e-45,0.9968826,41,0.6097560975609756
0.0035450885,1.1522496e-09,0.04660923,0.0021724203,0.0,0.9974873,103,0.8737864077669902
0.0034519604,2.002703e-08,0.03584505,0.0012848676,0.0,0.9971197,41,0.5853658536585366
0.003588667,7.8103823e-10,0.045412544,0.002062299,0.0,0.99980694,90,0.4666666666666667
0.0036778967,7.782111e-09,0.04064481,0.0016520006,0.0,0.9987272,49,0.7142857142857143
0.0037972291,3.6571406e-09,0.039960768,0.001596863,1e-45,0.99633795,40,0.5
0.0035874464,6.508913e-10,0.03812902,0.0014538221,1e-45,0.99813634,50,0.76
0.0032830373,5.4231193e-09,0.03471697,0.001205268,0.0,0.99597746,44,0.7045454545454546
0.003213332,2.5220832e-09,0.036254242,0.0013143701,2.3056e-41,0.99595845,47,0.1276595744680851
0.0033809664,4.41642e-10,0.041104887,0.0016896118,0.0,0.9993069,77,0.23376623376623376
0.0032250206,3.0688263e-09,0.03692589,0.0013635213,4.605e-42,0.9969543,59,0.5084745762711864
0.0031477546,1.27209985e-08,0.03587239,0.0012868282,0.0,0.99699664,43,0.18604651162790697
0.0033000826,1.9153717e-08,0.03684535,0.0013575796,0.0,0.99556285,43,0.2558139534883721
0.0031684814,1.864938e-08,0.03334658,0.0011119943,0.0,0.99499905,36,0.4722222222222222
0.0027898995,8.598139e-09,0.029882474,0.0008929622,0.0,0.9980474,28,0.7857142857142857
0.0029104464,1.7628645e-08,0.03327235,0.0011070492,0.0,0.9969073,43,0.6744186046511628
0.0032136207,1.8531622e-08,0.03388825,0.0011484136,0.0,0.9970089,35,0.37142857142857144
0.003426118,2.3895486e-09,0.03444551,0.0011864932,6.9e-44,0.99593467,30,0.7666666666666667
0.0032239826,1.1729571e-09,0.033377964,0.0011140885,0.0,0.99544805,28,0.6785714285714286
0.0029361576,2.4906932e-10,0.033277426,0.001107387,1.23598e-38,0.9977395,41,0.6341463414634146
0.00296961,3.8130255e-09,0.036330592,0.001319912,0.0,0.9987358,76,0.5657894736842105
0.00313582,3.7534553e-09,0.038099617,0.0014515808,0.0,0.99880767,72,0.8611111111111112
0.0034501867,2.6466542e-09,0.03734087,0.0013943404,0.0,0.99712974,44,0.45454545454545453
0.0033516618,5.181176e-09,0.038621552,0.0014916244,0.0,0.99855334,59,0.5084745762711864
0.0031906448,3.6001005e-08,0.03517593,0.0012373462,0.0,0.9964349,49,0.12244897959183673
0.0029412198,9.7591354e-08,0.02740481,0.0007510236,0.0,0.98636,13,0.3076923076923077
0.0034350194,6.5174817e-09,0.038732905,0.001500238,5.839337e-39,0.9963517,61,0.5409836065573771
0.0035325612,8.5849833e-10,0.043429174,0.001886093,0.0,0.99854535,85,0.43529411764705883
0.0035990612,5.764845e-10,0.040911205,0.0016737266,2.343e-42,0.99838865,69,0.5942028985507246
0.0035126153,2.622149e-09,0.04179065,0.0017464585,0.0,0.9973433,81,0.43209876543209874
0.003571417,2.5450346e-09,0.043848325,0.0019226756,0.0,0.9991954,86,0.6162790697674418
0.0037732446,2.059382e-09,0.04223393,0.0017837046,0.0,0.9993894,62,0.8548387096774194
0.0039611557,6.0464245e-10,0.04456646,0.0019861693,1.5037e-41,0.9988072,68,0.7941176470588235
0.0037073048,7.624543e-09,0.040151354,0.0016121311,1.8008e-41,0.9959564,52,0.8269230769230769
0.0036765053,9.715113e-09,0.043104813,0.001858025,0.0,0.996913,78,0.5769230769230769
0.0035786254,5.6914944e-09,0.038256038,0.0014635245,0.0,0.9990115,43,0.5581395348837209
0.0035645645,2.564252e-09,0.043812055,0.0019194961,0.0,0.9979707,82,0.6219512195121951
0.00367967,5.940962e-09,0.036830008,0.0013564494,0.0,0.9993851,40,0.4
0.0037125554,6.9903843e-09,0.04110293,0.001689451,4.025825e-39,0.9960857,64,0.578125
0.0036510753,4.2643302e-09,0.038787216,0.0015044481,3.1454e-41,0.9985581,49,0.46938775510204084
0.0037726583,1.27005855e-08,0.037728924,0.0014234718,4.670253e-39,0.9960429,34,0.5294117647058824
0.0036802078,9.779924e-09,0.043122686,0.0018595661,0.0,0.99567777,66,0.4696969696969697
0.0033058,1.4533754e-08,0.032124236,0.0010319665,8e-45,0.99432606,22,0.5
0.003156059,8.0386044e-09,0.033459365,0.0011195291,0.0,0.9986509,35,0.45714285714285713
0.0030591732,2.5109513e-08,0.033911586,0.0011499957,0.0,0.99695104,45,0.4444444444444444
0.0029985274,2.667341e-09,0.034057386,0.0011599055,0.0,0.99884623,58,0.6379310344827587
0.002999495,1.0813317e-08,0.032980457,0.0010877105,0.0,0.9970252,45,0.5111111111111111
0.0033153784,3.22166e-08,0.033315994,0.0011099555,0.0,0.99831676,26,0.8076923076923077
0.0035830562,1.4188e-08,0.03787035,0.0014341634,8e-45,0.9972392,38,0.5526315789473685
0.0036534213,7.4296563e-10,0.035891566,0.0012882046,4.5e-44,0.9992426,29,0.5862068965517241
0.0036046344,3.3083185e-09,0.03775475,0.0014254213,2.729e-41,0.99794215,42,0.6190476190476191
0.0032420233,1.4548218e-08,0.032614656,0.0010637158,2.1e-44,0.99502707,31,0.8387096774193549
0.0032180895,1.4516175e-08,0.03261582,0.0010637918,0.0,0.9982387,29,0.7586206896551724
0.0032956258,1.9065318e-09,0.040258445,0.0016207425,2.84e-43,0.9983824,67,0.6417910447761194
0.0034105645,4.300494e-09,0.034118064,0.0011640423,1.19e-43,0.99848586,31,0.8064516129032258
0.0034079226,1.2710158e-08,0.038133994,0.0014542015,0.0,0.9992069,44,0.75
0.0031570652,4.9255434e-08,0.032967653,0.0010868661,0.0,0.99740225,27,0.6666666666666666
0.003330481,7.39047e-10,0.03886893,0.0015107938,0.0,0.99899006,70,0.6571428571428571
0.0033648356,2.4847006e-08,0.034260593,0.0011737883,1.4733338e-37,0.9898872,24,0.20833333333333334
0.0032880756,3.7995624e-09,0.041794702,0.0017467971,0.0,0.9964044,74,0.25675675675675674
0.0030235655,3.1120742e-09,0.0382147,0.0014603633,8.46e-43,0.9977018,73,0.5753424657534246
0.0032474527,1.7068379e-09,0.037651513,0.0014176365,0.0,0.9986382,52,0.6923076923076923
0.0034794663,5.1614197e-09,0.03527116,0.0012440549,0.0,0.99893343,32,0.4375
0.0036647185,8.550818e-09,0.041201897,0.0016975964,0.0,0.99856955,53,0.5283018867924528
0.0038424437,2.6072442e-08,0.039360866,0.0015492778,7e-44,0.99410945,33,0.6666666666666666
0.004708405,1.6230317e-08,0.048153803,0.0023187886,0.0,0.99494267,44,0.4772727272727273
0.0048295483,8.829227e-09,0.045961898,0.002112496,0.0,0.99689156,36,0.5277777777777778
0.004510694,8.944573e-09,0.04647239,0.002159683,0.0,0.9973746,52,0.5961538461538461
0.0045687766,1.2819811e-09,0.04056836,0.0016457917,1.529e-42,0.99853146,20,0.5
0.0042999675,3.762797e-08,0.042256467,0.0017856089,0.0,0.99598265,35,0.5714285714285714
0.003909291,2.0752928e-08,0.03914369,0.0015322284,0.0,0.9962211,32,0.71875
0.0040614195,1.6005854e-09,0.039705794,0.0015765502,0.0,0.99957526,37,0.6756756756756757
0.0038500873,9.2712185e-09,0.039626442,0.001570255,0.0,0.9989891,41,0.6341463414634146
0.003819687,4.8624953e-09,0.039751124,0.0015801517,0.0,0.9995657,43,0.4883720930232558
0.0036551307,6.7528765e-09,0.03731041,0.0013920668,0.0,0.9983267,33,0.7272727272727273
0.0036074547,3.3205474e-09,0.03813407,0.0014542071,0.0,0.9983444,45,0.7777777777777778
0.0038092304,1.1186838e-09,0.043176506,0.0018642106,0.0,0.9998436,61,0.7377049180327869
0.004027012,3.3670249e-09,0.04169921,0.0017388241,0.0,0.99905634,50,0.76
0.0039608297,1.3034497e-08,0.04273453,0.0018262401,8e-45,0.9980503,52,0.5384615384615384
0.003990211,3.323152e-09,0.04193007,0.0017581305,0.0,0.99870336,49,0.6122448979591837
0.003797713,2.48324e-09,0.0432512,0.0018706663,0.0,0.999082,56,0.75
0.0037098548,4.8936762e-08,0.039148845,0.001532632,1.0232e-41,0.9985138,40,0.525
0.004061251,2.0645306e-08,0.038202442,0.0014594266,0.0,0.99642634,30,0.7333333333333333
0.004227024,4.584844e-09,0.046255253,0.0021395485,0.0,0.9995481,57,0.6491228070175439
0.0040415064,1.2136789e-09,0.045506425,0.0020708346,0.0,0.9989839,59,0.7796610169491526
0.004040049,7.094363e-09,0.03862961,0.0014922466,1.3745123e-32,0.99587387,30,0.5
0.0036894386,4.4494097e-09,0.039077774,0.0015270723,0.0,0.99638015,43,0.6976744186046512
0.0034700688,1.6784489e-09,0.038983446,0.0015197091,0.0,0.9982825,52,0.7692307692307693
0.0032512608,4.8250506e-09,0.033326037,0.0011106246,4.970153e-38,0.9975215,41,0.7560975609756098
0.0035208345,5.226556e-09,0.036040537,0.0012989203,0.0,0.9972011,38,0.2894736842105263
0.0033105898,1.9588668e-08,0.034052756,0.0011595902,7e-45,0.9911856,31,0.25806451612903225
0.0032915864,3.34914e-09,0.037461676,0.0014033772,0.0,0.9993045,52,0.5384615384615384
0.0035977485,1.6695815e-08,0.03632552,0.0013195436,0.0,0.9985953,42,0.4523809523809524
0.0036249496,2.0407456e-09,0.037449174,0.0014024407,0.0,0.9980412,41,0.6585365853658537
0.0037527902,2.327091e-09,0.038783785,0.001504182,0.0,0.99883866,40,0.75
0.003834994,1.6603245e-08,0.038675968,0.0014958305,0.0,0.9934176,32,0.5625
0.003693224,2.4458595e-08,0.03978556,0.0015828907,0.0,0.99862957,42,0.7619047619047619
0.003600181,1.0313634e-08,0.037430897,0.001401072,0.0,0.9891058,34,0.5
0.0034175506,2.6237401e-09,0.041351046,0.0017099091,0.0,0.99696517,69,0.6666666666666666
0.0025885808,2.588863e-09,0.027455648,0.00075381267,4.88935e-40,0.9927721,24,0.6666666666666666
0.0025165933,2.1027164e-09,0.034442317,0.0011862733,0.0,0.999153,83,0.3855421686746988
0.002996466,4.1111985e-09,0.032234494,0.0010390626,3e-45,0.9969216,39,0.6153846153846154
0.0032314304,1.3736607e-09,0.034333527,0.001178791,0.0,0.99844724,46,0.6521739130434783
0.003159358,2.6837732e-09,0.03825228,0.001463237,0.0,0.9971311,70,0.5285714285714286
0.0033365828,3.0006575e-09,0.035631433,0.0012695991,0.0,0.99209017,42,0.5238095238095238
0.0030906019,7.644951e-09,0.036815055,0.0013553483,0.0,0.99754256,60,0.6166666666666667
0.0030249567,1.0423963e-09,0.0366592,0.0013438968,0.0,0.99802077,70,0.6714285714285714
0.0028470145,2.978513e-09,0.03460848,0.0011977468,0.0,0.99630654,66,0.48484848484848486
0.0028960903,4.439758e-09,0.0377997,0.0014288175,0.0,0.99766666,92,0.5652173913043478
0.003225561,1.5246568e-09,0.03908205,0.0015274066,0.0,0.9994971,73,0.6438356164383562
0.0031508368,3.160618e-09,0.033492442,0.0011217437,0.0,0.9973999,35,0.9142857142857143
0.0031667664,1.2354797e-09,0.036743544,0.0013500879,6.85e-43,0.9979827,64,0.546875
0.003416515,1.5189967e-09,0.0370416,0.0013720802,6.87603e-40,0.99868673,51,0.7647058823529411
0.0037110744,1.5864416e-08,0.037965853,0.0014414061,0.0,0.9959988,35,0.4857142857142857
0.003895288,2.95949e-08,0.039907504,0.0015926089,0.0,0.9987395,34,0.6176470588235294
0.005059923,1.5123018e-08,0.04902263,0.0024032183,0.0,0.99872905,40,0.4
0.0062551466,2.7521342e-08,0.054222073,0.0029400333,0.0,0.99808824,31,0.6129032258064516
0.0059231515,7.578754e-09,0.054039054,0.0029202192,0.0,0.9953735,43,0.3953488372093023
0.0048710383,9.077599e-09,0.046978116,0.0022069435,0.0,0.9977876,35,0.7142857142857143
0.0048791887,2.8533352e-08,0.047175378,0.0022255164,3.59e-43,0.9978075,35,0.6
0.0053853653,1.7769217e-08,0.047993757,0.0023034005,1.5614005e-38,0.98970836,36,0.5833333333333334
0.004491552,8.239643e-08,0.042976163,0.0018469505,0.0,0.9955639,33,0.6666666666666666
0.0028503009,4.970544e-07,0.030929666,0.0009566442,0.0,0.987045,17,0.4117647058823529
0.0029932763,3.292962e-08,0.035292957,0.0012455927,0.0,0.99650514,59,0.4067796610169492
0.0030948427,2.5832486e-10,0.041092172,0.0016885666,0.0,0.9991383,100,0.6
0.0031551654,2.0208093e-09,0.037771128,0.0014266581,0.0,0.9983234,73,0.7671232876712328
0.003407653,3.915428e-09,0.042099807,0.0017723939,0.0,0.9983125,88,0.6704545454545454
0.003311974,1.9505977e-09,0.03962048,0.0015697826,0.0,0.9996944,77,0.6363636363636364
0.003279904,7.491663e-10,0.044420376,0.0019731699,0.0,0.99936366,120,0.7083333333333334
0.0031631696,2.8964156e-09,0.032951638,0.0010858104,0.0,0.9976501,36,0.5
0.0031859276,5.8760614e-09,0.032188676,0.0010361108,0.0,0.9965408,29,0.4827586206896552
0.0031957245,2.1263578e-08,0.038257323,0.0014636228,0.0,0.9969634,59,0.559322033898305
0.0032314803,2.8946083e-08,0.033379465,0.0011141887,0.0,0.9976687,31,0.7419354838709677
0.003227877,6.7789054e-09,0.032273963,0.0010416087,1.7414693e-38,0.9975959,20,0.8
0.003150596,1.23924e-08,0.03526176,0.0012433918,0.0,0.99712646,42,0.5238095238095238
0.003155828,3.6743404e-09,0.031870525,0.0010157304,0.0,0.99671566,25,0.8
0.0029600791,2.8962441e-09,0.037585307,0.0014126553,0.0,0.99737936,78,0.5256410256410257
0.0029853988,1.0704522e-09,0.035806067,0.0012820744,0.0,0.9989167,63,0.7301587301587301
0.002850529,1.6742197e-08,0.03194644,0.0010205751,0.0,0.99864817,40,0.575
0.0027567896,1.0694679e-08,0.035535753,0.0012627897,0.0,0.99819964,86,0.46511627906976744
0.0026208858,2.362142e-09,0.032256324,0.0010404703,0.0,0.9986091,58,0.7068965517241379
0.0028411588,8.0301504e-10,0.033505995,0.0011226516,0.0,0.9992206,52,0.6346153846153846
0.0030083277,2.1089241e-09,0.034313582,0.001177422,0.0,0.997008,45,0.7111111111111111
0.003153805,2.771001e-08,0.031889867,0.0010169636,0.0,0.99489707,23,0.5217391304347826
0.003244029,1.2482284e-08,0.034838874,0.0012137472,3e-44,0.99689263,39,0.4358974358974359
0.003194578,2.7384242e-09,0.030569103,0.00093447004,2.476e-42,0.9978413,22,0.5454545454545454
0.0029693856,1.5917279e-09,0.033042774,0.0010918248,1.28e-43,0.9979255,47,0.5957446808510638
0.0028719364,3.7725183e-09,0.031730317,0.001006813,7e-45,0.9971991,31,0.9032258064516129
0.002911678,7.241726e-09,0.034192163,0.0011691041,0.0,0.9961917,52,0.7307692307692307
0.0032923636,6.2563976e-10,0.043234427,0.0018692156,0.0,0.99923784,100,0.64
0.0033715216,6.807814e-09,0.036443353,0.0013281179,0.0,0.99733037,41,0.6585365853658537
0.0032943797,1.9604478e-08,0.03611088,0.0013039958,0.0,0.9957595,44,0.8863636363636364
0.0037445263,1.3413519e-08,0.035143804,0.001235087,0.0,0.9873157,17,0.5294117647058824
0.0043408754,2.7364806e-08,0.036067322,0.0013008518,1.180384e-39,0.9953189,19,0.5263157894736842
0.0043777646,1.5251942e-08,0.043191936,0.0018655434,0.0,0.9979074,35,0.6
0.0041330694,8.8784907e-10,0.043974344,0.001933743,0.0,0.99705267,49,0.5918367346938775
0.003746944,9.537679e-09,0.041469682,0.0017197345,3.1e-44,0.99486816,55,0.6
0.0041021565,1.5622387e-09,0.04258936,0.0018138534,0.0,0.9992063,46,0.7608695652173914
0.003968776,1.5170321e-09,0.04042992,0.0016345785,0.0,0.99743694,39,0.5641025641025641
0.0039339783,1.5129937e-09,0.04516288,0.0020396856,0.0,0.9996987,71,0.6338028169014085
0.0039888616,7.583894e-09,0.03388701,0.0011483295,1.6398041e-35,0.9972154,14,0.35714285714285715
0.0035957021,1.3860021e-08,0.035126954,0.0012339029,0.0,0.9971516,29,0.1724137931034483
0.0034343458,1.1650317e-09,0.03884858,0.001509212,1.28e-43,0.99876,55,0.8363636363636363
0.0034401424,5.7673966e-10,0.039192848,0.0015360792,0.0,0.9994208,68,0.7352941176470589
0.0033658969,4.9826765e-10,0.03819768,0.0014590628,0.0,0.99875534,57,0.7543859649122807
0.0032728359,3.278307e-10,0.045491073,0.0020694376,0.0,0.99897575,126,0.5476190476190477
0.0032525177,7.7981244e-10,0.041332614,0.001708385,0.0,0.9984663,90,0.7777777777777778
0.0034527772,1.6011916e-09,0.03880709,0.0015059903,0.0,0.9984938,53,0.6415094339622641
0.003743132,7.6247925e-10,0.04379858,0.0019183158,0.0,0.99963534,73,0.7671232876712328
0.003956982,1.4237281e-08,0.040104307,0.0016083554,4e-45,0.99771905,40,0.65
0.0041537364,3.495312e-08,0.041289236,0.0017048011,3.094e-42,0.9979303,43,0.6744186046511628
0.0041102236,1.2639036e-08,0.043310687,0.0018758157,0.0,0.9975269,47,0.6808510638297872
0.0036522336,2.176302e-09,0.03415287,0.0011664185,1.301631e-39,0.9957699,22,0.7272727272727273
0.0034125282,1.0482222e-09,0.03854793,0.0014859429,0.0,0.99693954,61,0.6229508196721312
0.0031703596,1.7101893e-09,0.04068915,0.001655607,0.0,0.9985833,89,0.5280898876404494
0.0032775952,2.5422087e-09,0.036527485,0.0013342572,0.0,0.99942935,49,0.8367346938775511
0.0040631224,9.889444e-09,0.045380518,0.0020593912,0.0,0.999671,56,0.6785714285714286
0.0042338436,9.571558e-09,0.04271351,0.0018244439,0.0,0.99584913,40,0.55
0.0038721075,8.30946e-09,0.038922545,0.0015149644,0.0,0.9965722,35,0.6857142857142857
0.0039149895,1.5513475e-08,0.042099655,0.001772381,0.0,0.99731517,48,0.6666666666666666
0.0042157928,3.8988617e-09,0.045397334,0.002060918,0.0,0.9978665,51,0.6666666666666666
0.0036444291,1.2774777e-09,0.04155184,0.0017265553,0.0,0.9972349,58,0.6379310344827587
0.0034509366,2.2803025e-08,0.037006464,0.0013694784,0.0,0.9976301,49,0.7551020408163265
0.003482702,6.1976153e-09,0.03795523,0.0014405994,6.36e-43,0.9973984,42,0.6904761904761905
0.003426788,1.1494766e-08,0.040976945,0.0016791101,0.0,0.997847,69,0.4927536231884058
0.0034101242,2.2887683e-09,0.037388843,0.0013979255,0.0,0.9977266,51,0.4117647058823529
0.003422764,4.924626e-10,0.043149084,0.0018618433,0.0,0.9992449,90,0.45555555555555555
0.0034984308,3.3731604e-09,0.04267047,0.001820769,0.0,0.9984877,76,0.4605263157894737
0.0035218587,1.1862387e-08,0.042848535,0.0018359969,0.0,0.9975682,73,0.4246575342465753
0.0030474889,3.7558674e-08,0.031722896,0.0010063421,0.0,0.99594605,30,0.6333333333333333
0.0032150995,2.965837e-09,0.03635857,0.0013219455,0.0,0.9967499,53,0.6037735849056604
0.0029673427,1.883199e-09,0.03741295,0.0013997288,0.0,0.99858284,71,0.7323943661971831
0.0028217172,3.5931391e-09,0.03493578,0.0012205086,0.0,0.9971302,63,0.8253968253968254
0.0029188676,9.15202e-10,0.035602223,0.0012675183,0.0,0.99920875,69,0.6231884057971014
0.00330244,8.731674e-09,0.034090456,0.0011621593,0.0,0.9988453,31,0.6451612903225806
0.0033793398,1.43166465e-08,0.033879075,0.0011477916,0.0,0.9972305,29,0.8275862068965517
0.0035459597,1.3288668e-08,0.036899924,0.0013616044,0.0,0.99394774,40,0.6
0.003354544,1.2704223e-08,0.033282444,0.001107721,0.0,0.9987252,22,0.7272727272727273
0.0031974101,1.0283776e-08,0.03633721,0.0013203929,0.0,0.9960819,50,0.5
0.0027643335,2.3027735e-09,0.03103702,0.0009632966,0.0,0.9975521,40,0.65
0.0028824536,8.2581453e-10,0.03780517,0.0014292308,6.92e-43,0.9983934,88,0.4318181818181818
0.0032658393,4.0994433e-10,0.040869772,0.0016703382,0.0,0.99957377,89,0.651685393258427
0.0034122786,4.6491673e-09,0.03780259,0.0014290356,0.0,0.9984782,58,0.7586206896551724
0.0031529246,2.7924651e-10,0.034911092,0.0012187843,0.0,0.9989739,46,0.6304347826086957
0.0029813778,2.8135254e-09,0.035571486,0.0012653306,0.0,0.99855906,63,0.6507936507936508
0.0031886732,2.3667261e-09,0.03780419,0.0014291567,0.0,0.99607235,64,0.796875
0.0032911487,1.9857058e-09,0.03813195,0.0014540454,0.0,0.9991892,58,0.5689655172413793
0.0032035068,6.664701e-09,0.03587677,0.0012871426,2.2866e-41,0.9972629,49,0.7142857142857143
0.0032580579,2.1879725e-09,0.036236357,0.0013130734,0.0,0.99838775,48,0.5833333333333334
0.0037568503,5.0192837e-09,0.04147563,0.001720228,2.26e-43,0.99600965,57,0.5789473684210527
0.0035483507,1.4397746e-08,0.034527514,0.0011921494,6.6708753e-37,0.99310166,27,0.6666666666666666
0.0034370315,2.7882858e-09,0.039179217,0.001535011,0.0,0.9978784,60,0.6166666666666667
0.0035104745,4.3144035e-09,0.043840583,0.0019219967,0.0,0.9991168,89,0.6741573033707865
0.0035254431,3.0913618e-09,0.035840377,0.0012845327,3.1e-44,0.9974204,38,0.7105263157894737
0.0036911392,5.2531512e-09,0.041538354,0.0017254348,0.0,0.9973376,64,0.59375
0.0035576643,8.41972e-09,0.040408526,0.0016328489,0.0,0.9983258,59,0.3559322033898305
0.0032281133,1.7011704e-08,0.03344902,0.0011188369,0.0,0.9903565,36,0.4166666666666667
0.002957632,1.2374278e-09,0.033153135,0.0010991304,7.5e-43,0.99838144,49,0.6938775510204082
0.0028873044,9.919674e-10,0.03565453,0.0012712455,2.144749e-39,0.99872106,74,0.7702702702702703
0.0030788996,2.6869642e-09,0.03271894,0.0010705292,2.122e-42,0.9954788,43,0.627906976744186
0.0029658596,3.0510883e-08,0.032411393,0.0010504983,1.4349329e-38,0.9968369,36,0.7222222222222222
0.0031549504,1.1418918e-08,0.03375925,0.0011396871,0.0,0.99681604,39,0.7435897435897436
0.00304206,7.99575e-09,0.035281662,0.0012447956,9.9496e-41,0.99324274,59,0.6610169491525424
0.0029509761,8.564226e-09,0.029695224,0.00088180637,0.0,0.9979346,30,0.6
0.0030366937,2.530605e-09,0.03336499,0.0011132226,7.79759e-36,0.9987638,45,0.8444444444444444
0.0032442592,9.723349e-10,0.041147377,0.0016931067,0.0,0.99972105,83,0.6746987951807228
0.0033174255,1.8053687e-08,0.038599234,0.0014899009,0.0,0.9980474,58,0.6206896551724138
0.0032723672,1.4024415e-08,0.03608761,0.0013023156,0.0,0.99772286,46,0.5434782608695652
0.0026481845,1.2151249e-08,0.02944771,0.0008671676,1.44377e-40,0.995272,36,0.75
0.002471036,1.8870113e-08,0.027309747,0.0007458223,0.0,0.9970642,29,0.5517241379310345
0.0028696856,3.761712e-09,0.032789774,0.0010751693,0.0,0.99806595,52,0.5192307692307693
0.002941278,1.0827878e-08,0.034218606,0.0011709129,0.0,0.9976896,50,0.7
0.0028916365,1.3136553e-08,0.030992959,0.00096056354,0.0,0.9952345,36,0.4166666666666667
0.00301175,2.4151868e-08,0.033051666,0.0010924126,0.0,0.9984377,34,0.47058823529411764
0.0033963327,2.8811542e-10,0.038529366,0.001484512,0.0,0.9990068,54,0.6851851851851852
0.003175167,3.3127792e-09,0.03610581,0.0013036296,0.0,0.99829966,47,0.7021276595744681
0.003304883,4.8071023e-09,0.036975406,0.0013671806,0.0,0.99838716,45,0.7555555555555555
0.0029919713,2.0206368e-08,0.036253784,0.0013143369,0.0,0.9966986,64,0.640625
0.0029217745,9.528897e-09,0.032574493,0.0010610976,0.0,0.998942,42,0.7857142857142857
0.003017697,8.569965e-10,0.040160507,0.0016128663,0.0,0.9987429,101,0.8118811881188119
0.003023493,5.6262567e-10,0.036260992,0.0013148595,0.0,0.99828815,61,0.7868852459016393
0.0029991851,7.117411e-10,0.03149925,0.0009922029,0.0,0.99813294,32,0.6875
0.0032881948,2.6450016e-09,0.041540552,0.0017256174,0.0,0.9995342,87,0.5862068965517241
0.0035120216,9.057197e-08,0.0340614,0.0011601788,0.0,0.99553293,27,0.6296296296296297
0.0039172904,4.117277e-09,0.043976076,0.0019338954,0.0,0.99940324,55,0.6727272727272727
0.004245914,9.041106e-09,0.044312652,0.0019636112,1.1225513e-38,0.99698097,49,0.6326530612244898
0.004582816,3.1239205e-09,0.049527425,0.0024529658,0.0,0.9977357,64,0.609375
0.0042530415,2.083279e-09,0.04404961,0.0019403681,0.0,0.9977166,45,0.6
0.0040616686,2.1573676e-09,0.04638319,0.0021514005,0.0,0.9982201,71,0.5070422535211268
0.0038284012,1.6326988e-08,0.040147904,0.0016118542,0.0,0.9989058,41,0.6097560975609756
0.004040602,8.764195e-09,0.040426705,0.0016343184,1e-45,0.997446,35,0.5428571428571428
0.004545616,2.6526552e-09,0.04835086,0.0023378057,0.0,0.9997178,53,0.5283018867924528
0.005029858,3.61623e-09,0.045299657,0.002052059,5.31e-41,0.99849856,27,0.5185185185185185
0.0049602916,5.6328306e-09,0.05239405,0.0027451366,0.0,0.9993383,57,0.5964912280701754
0.0049142493,6.4015238e-09,0.0484425,0.0023466758,0.0,0.9983739,38,0.7894736842105263
0.0051414114,3.4745526e-09,0.04591031,0.0021077567,0.0,0.9992644,32,0.625
0.0048802067,1.875006e-09,0.04751595,0.0022577657,0.0,0.99779564,39,0.5128205128205128
0.0042906106,4.7107002e-07,0.03191669,0.0010186752,0.0,0.98493177,7,0.2857142857142857
0.0043543065,5.469209e-09,0.046035457,0.0021192632,0.0,0.9990154,45,0.4444444444444444
0.004011403,1.4264236e-09,0.04030177,0.0016242326,0.0,0.99925786,39,0.6153846153846154
0.0038802552,1.5748347e-09,0.041754566,0.0017434439,0.0,0.99900824,49,0.673469387755102
0.0036228888,1.6044032e-09,0.040678836,0.0016547677,0.0,0.99752015,54,0.5
0.0034132788,7.850458e-09,0.03693732,0.0013643656,0.0,0.9974641,47,0.6382978723404256
0.0034797033,1.3187308e-09,0.038184237,0.0014580359,0.0,0.99961716,50,0.72
0.0036870746,2.4077709e-09,0.040478583,0.0016385156,0.0,0.9985186,60,0.7833333333333333
0.0036628887,1.5346144e-09,0.040612403,0.0016493674,0.0,0.99827296,60,0.7833333333333333
0.0037612466,6.6459007e-09,0.037519474,0.001407711,5.772991e-35,0.99815726,31,0.6451612903225806
0.003391847,4.9040545e-09,0.036593933,0.001339116,0.0,0.9970132,30,0.6333333333333333
0.0032218543,2.6934766e-09,0.033764604,0.0011400485,0.0,0.99879336,41,0.6341463414634146
0.0031650777,3.3547713e-09,0.039341394,0.0015477452,0.0,0.9993469,71,0.8028169014084507
0.002898365,1.5326516e-09,0.036530286,0.0013344617,0.0,0.9981497,72,0.5833333333333334
0.0026151468,3.1020881e-09,0.028444588,0.0008090946,0.0,0.9951381,37,0.7027027027027027
0.0024249812,7.231798e-10,0.035818595,0.0012829718,0.0,0.9991292,119,0.8067226890756303
0.002372838,8.671038e-11,0.033841796,0.0011452672,0.0,0.9988101,109,0.5963302752293578
0.0022954002,2.7042538e-10,0.035659455,0.0012715968,0.0,0.998932,155,0.6516129032258065
0.0024320206,1.6686175e-11,0.034121003,0.0011642427,0.0,0.9997215,101,0.7029702970297029
0.002718349,1.2958242e-09,0.034033068,0.0011582497,0.0,0.9984182,70,0.6571428571428571
0.003356731,1.0074585e-08,0.03739803,0.0013986125,0.0,0.99934983,51,0.803921568627451
0.0038885416,1.2134943e-08,0.039849147,0.0015879545,0.0,0.99843675,38,0.7105263157894737
0.0041195718,1.579164e-08,0.04028017,0.0016224921,0.0,0.9994222,28,0.6428571428571429
0.0043305564,2.087165e-09,0.0493961,0.0024399748,0.0,0.9976463,62,0.8387096774193549
0.0036642877,6.580625e-09,0.03688481,0.0013604893,7.2488e-41,0.9966753,29,0.6896551724137931
0.0031994085,1.9559847e-09,0.041902345,0.0017558066,0.0,0.9995123,90,0.5333333333333333
0.0031208107,1.479106e-09,0.03984013,0.0015872357,0.0,0.9994689,87,0.5402298850574713
0.0031927726,6.8238233e-09,0.034086496,0.0011618893,0.0,0.9949569,38,0.7894736842105263
0.0032359145,1.34976474e-08,0.035614956,0.0012684251,0.0,0.9927196,44,0.45454545454545453
0.0030202586,1.1672983e-09,0.035661556,0.0012717466,0.0,0.99847525,57,0.7894736842105263
0.0029104596,1.0585592e-09,0.035658058,0.001271497,0.0,0.99851626,70,0.8428571428571429
0.0029359763,1.2664536e-09,0.037475042,0.0014043787,0.0,0.9990615,78,0.8076923076923077
0.0032504494,2.1399926e-09,0.035636522,0.0012699616,0.0,0.99819106,50,0.64
0.003177304,1.7020231e-09,0.041161876,0.0016943,0.0,0.9984039,93,0.6451612903225806
0.0030145186,1.9120892e-09,0.04065393,0.001652742,0.0,0.997309,108,0.3148148148148148
0.003002273,3.1838974e-09,0.035519995,0.0012616699,0.0,0.99565357,66,0.3484848484848485
0.002835927,9.064722e-10,0.033136904,0.0010980543,0.0,0.99868,54,0.7777777777777778
0.0027604452,1.4820074e-09,0.03449148,0.0011896623,0.0,0.9972544,70,0.5285714285714286
0.0029399965,2.7960159e-09,0.035879254,0.001287321,0.0,0.9990368,67,0.5223880597014925
0.0034306578,1.5302097e-09,0.03571516,0.0012755726,0.0,0.9971963,38,0.5789473684210527
0.003367514,1.4885041e-08,0.036219075,0.0013118214,1e-45,0.99783844,43,0.627906976744186
0.0034890824,5.1385913e-09,0.039489847,0.0015594481,0.0,0.9986577,57,0.5087719298245614
0.003584255,6.5042314e-09,0.041294973,0.0017052747,0.0,0.99712116,65,0.8153846153846154
0.0035486137,2.0111695e-09,0.03700675,0.0013694996,1.466827e-39,0.9966824,43,0.6744186046511628
0.002948782,1.1573973e-09,0.040006563,0.0016005251,0.0,0.9976981,91,0.6813186813186813
0.0029054403,4.9857424e-10,0.03371813,0.0011369123,0.0,0.9991025,50,0.78
0.0028655853,2.790116e-09,0.033175584,0.0011006193,0.0,0.99610376,57,0.5263157894736842
0.0027922355,1.1466716e-08,0.032214236,0.001037757,3.82883e-39,0.996806,52,0.6346153846153846
0.0029227633,3.3565745e-10,0.04189586,0.0017552631,0.0,0.9992231,124,0.75
0.0029798187,2.1072e-10,0.03319376,0.0011018257,0.0,0.9993751,48,0.8333333333333334
0.0029200295,1.5209449e-09,0.037254594,0.0013879049,0.0,0.9990349,87,0.7586206896551724
0.002988329,1.0734618e-09,0.03313028,0.0010976155,2.84e-43,0.99480367,46,0.6086956521739131
0.0030171995,1.3831334e-09,0.03647946,0.0013307508,0.0,0.9979922,71,0.7605633802816901
0.0031836783,9.293103e-10,0.035168044,0.0012367914,0.0,0.99882716,51,0.7058823529411765
0.003350557,6.3349354e-10,0.03791897,0.0014378482,0.0,0.9991768,60,0.5833333333333334
